Bacterial Spot Rot,1827,890,500,477,1_Bacterial Spot. (1).jpg,4000,3000
Bacterial Spot Rot,1560,407,831,1593,2_Bacterial Spot. (10).jpg,4000,3000
Bacterial Spot Rot,1763,779,657,849,3_Bacterial Spot. (100).jpg,4000,3000
Bacterial Spot Rot,1913,442,1087,1000,4_Bacterial Spot. (101).jpg,3000,4000
Bacterial Spot Rot,223,1093,2062,1845,4_Bacterial Spot. (101).jpg,3000,4000
Bacterial Spot Rot,1124,791,669,662,5_Bacterial Spot. (102).jpg,2148,1962
Bacterial Spot Rot,697,1449,1219,729,6_Bacterial Spot. (103).jpg,2577,2199
Bacterial Spot Rot,717,576,1465,965,7_Bacterial Spot. (104).jpg,4000,3000
Bacterial Spot Rot,1092,695,386,368,8_Bacterial Spot. (105).jpg,2271,1897
Bacterial Spot Rot,820,771,458,364,9_Bacterial Spot. (106).jpg,2356,2209
Bacterial Spot Rot,1423,1160,385,407,9_Bacterial Spot. (106).jpg,2356,2209
Bacterial Spot Rot,447,1080,546,526,10_Bacterial Spot. (108).jpg,2072,2072
Bacterial Spot Rot,1013,687,406,385,10_Bacterial Spot. (108).jpg,2072,2072
Bacterial Spot Rot,557,1181,428,467,11_Bacterial Spot. (109).jpg,2340,2232
Bacterial Spot Rot,1132,826,385,303,11_Bacterial Spot. (109).jpg,2340,2232
Bacterial Spot Rot,1059,490,864,1490,12_Bacterial Spot. (11).jpg,3076,2504
Bacterial Spot Rot,1081,250,316,406,13_Bacterial Spot. (110).jpg,2329,2436
Bacterial Spot Rot,278,1629,685,552,13_Bacterial Spot. (110).jpg,2329,2436
Bacterial Spot Rot,245,392,600,680,13_Bacterial Spot. (110).jpg,2329,2436
Bacterial Spot Rot,1760,1539,504,622,14_Bacterial Spot. (111).jpg,2649,2767
Bacterial Spot Rot,1310,375,606,622,14_Bacterial Spot. (111).jpg,2649,2767
Bacterial Spot Rot,784,461,306,445,14_Bacterial Spot. (111).jpg,2649,2767
Bacterial Spot Rot,1471,287,320,434,15_Bacterial Spot. (112).jpg,2440,2114
Bacterial Spot Rot,590,242,635,533,15_Bacterial Spot. (112).jpg,2440,2114
Bacterial Spot Rot,475,1172,381,545,15_Bacterial Spot. (112).jpg,2440,2114
Bacterial Spot Rot,1596,1121,322,464,16_Bacterial Spot. (113).jpg,1993,2159
Bacterial Spot Rot,1173,230,531,481,16_Bacterial Spot. (113).jpg,1993,2159
Bacterial Spot Rot,667,209,234,423,16_Bacterial Spot. (113).jpg,1993,2159
Bacterial Spot Rot,895,1577,715,524,17_Bacterial Spot. (114).jpg,2453,2292
Bacterial Spot Rot,1473,1523,651,413,18_Bacterial Spot. (116).jpg,4000,3000
Bacterial Spot Rot,864,702,568,498,19_Bacterial Spot. (117).jpg,1860,2023
Bacterial Spot Rot,1331,372,200,259,19_Bacterial Spot. (117).jpg,1860,2023
Bacterial Spot Rot,500,329,333,341,19_Bacterial Spot. (117).jpg,1860,2023
Bacterial Spot Rot,932,257,367,403,20_Bacterial Spot. (118).jpg,1690,1840
Bacterial Spot Rot,343,710,635,489,20_Bacterial Spot. (118).jpg,1690,1840
Bacterial Spot Rot,717,874,301,533,21_Bacterial Spot. (119).jpg,1591,1708
Bacterial Spot Rot,707,295,401,397,21_Bacterial Spot. (119).jpg,1591,1708
Bacterial Spot Rot,1339,765,146,278,21_Bacterial Spot. (119).jpg,1591,1708
Bacterial Spot Rot,419,187,562,802,22_Bacterial Spot. (12).jpg,1093,1124
Bacterial Spot Rot,963,720,279,318,23_Bacterial Spot. (120).jpg,1814,1580
Bacterial Spot Rot,547,251,358,346,23_Bacterial Spot. (120).jpg,1814,1580
Bacterial Spot Rot,487,897,570,533,24_Bacterial Spot. (122).jpg,2237,2132
Bacterial Spot Rot,888,463,636,368,24_Bacterial Spot. (122).jpg,2237,2132
Bacterial Spot Rot,838,1607,745,587,25_Bacterial Spot. (123).jpg,2353,2404
Bacterial Spot Rot,1443,960,499,638,25_Bacterial Spot. (123).jpg,2353,2404
Bacterial Spot Rot,833,662,610,326,25_Bacterial Spot. (123).jpg,2353,2404
Bacterial Spot Rot,988,656,597,353,26_Bacterial Spot. (125).jpg,2535,2334
Bacterial Spot Rot,871,973,443,611,26_Bacterial Spot. (125).jpg,2535,2334
Bacterial Spot Rot,961,605,587,396,27_Bacterial Spot. (126).jpg,2430,2348
Bacterial Spot Rot,934,997,337,596,27_Bacterial Spot. (126).jpg,2430,2348
Bacterial Spot Rot,889,1054,355,642,28_Bacterial Spot. (127).jpg,2370,2473
Bacterial Spot Rot,875,719,647,345,28_Bacterial Spot. (127).jpg,2370,2473
Bacterial Spot Rot,698,430,598,484,29_Bacterial Spot. (128).jpg,1965,1965
Bacterial Spot Rot,382,1215,773,746,29_Bacterial Spot. (128).jpg,1965,1965
Bacterial Spot Rot,322,1297,809,542,30_Bacterial Spot. (129).jpg,1926,1839
Bacterial Spot Rot,675,410,588,456,30_Bacterial Spot. (129).jpg,1926,1839
Bacterial Spot Rot,352,321,651,554,31_Bacterial Spot. (13).jpg,1222,1166
Bacterial Spot Rot,804,1195,672,683,32_Bacterial Spot. (130).jpg,2046,1958
Bacterial Spot Rot,827,486,497,368,32_Bacterial Spot. (130).jpg,2046,1958
Bacterial Spot Rot,1046,1097,523,664,33_Bacterial Spot. (131).jpg,1956,1913
Bacterial Spot Rot,653,564,515,356,33_Bacterial Spot. (131).jpg,1956,1913
Bacterial Spot Rot,520,240,119,91,34_Bacterial Spot. (133).jpg,1280,960
Bacterial Spot Rot,635,422,93,201,34_Bacterial Spot. (133).jpg,1280,960
Bacterial Spot Rot,354,600,109,117,35_Bacterial Spot. (134).jpg,960,1280
Bacterial Spot Rot,784,543,86,125,36_Bacterial Spot. (135).jpg,1280,960
Bacterial Spot Rot,467,553,162,143,36_Bacterial Spot. (135).jpg,1280,960
Bacterial Spot Rot,386,422,169,205,37_Bacterial Spot. (136).jpg,1280,960
Bacterial Spot Rot,802,547,182,205,37_Bacterial Spot. (136).jpg,1280,960
Bacterial Spot Rot,758,586,121,138,38_Bacterial Spot. (137).jpg,1280,960
Bacterial Spot Rot,505,519,115,132,38_Bacterial Spot. (137).jpg,1280,960
Bacterial Spot Rot,763,344,149,167,39_Bacterial Spot. (138).jpg,1280,960
Bacterial Spot Rot,494,620,210,162,39_Bacterial Spot. (138).jpg,1280,960
Bacterial Spot Rot,825,445,76,127,40_Bacterial Spot. (139).jpg,1280,960
Bacterial Spot Rot,533,553,179,115,40_Bacterial Spot. (139).jpg,1280,960
Bacterial Spot Rot,2280,960,573,609,41_Bacterial Spot. (14).jpg,3603,1687
Bacterial Spot Rot,580,229,1365,411,41_Bacterial Spot. (14).jpg,3603,1687
Bacterial Spot Rot,2031,290,1390,573,41_Bacterial Spot. (14).jpg,3603,1687
Bacterial Spot Rot,1184,874,624,467,41_Bacterial Spot. (14).jpg,3603,1687
Bacterial Spot Rot,519,909,299,239,41_Bacterial Spot. (14).jpg,3603,1687
Bacterial Spot Rot,734,340,82,102,42_Bacterial Spot. (140).jpg,1280,960
Bacterial Spot Rot,471,393,123,140,42_Bacterial Spot. (140).jpg,1280,960
Bacterial Spot Rot,729,709,149,127,43_Bacterial Spot. (142).jpg,960,1280
Bacterial Spot Rot,610,254,149,191,44_Bacterial Spot. (143).jpg,960,720
Bacterial Spot Rot,601,151,153,112,45_Bacterial Spot. (144).jpg,1280,960
Bacterial Spot Rot,838,383,156,236,45_Bacterial Spot. (144).jpg,1280,960
Bacterial Spot Rot,387,162,143,136,46_Bacterial Spot. (145).jpg,1280,960
Bacterial Spot Rot,676,385,154,166,46_Bacterial Spot. (145).jpg,1280,960
Bacterial Spot Rot,461,246,120,144,47_Bacterial Spot. (147).jpg,960,720
Bacterial Spot Rot,566,528,156,153,48_Bacterial Spot. (148).jpg,1280,960
Bacterial Spot Rot,735,287,125,127,48_Bacterial Spot. (148).jpg,1280,960
Bacterial Spot Rot,378,1170,558,589,49_Bacterial Spot. (15).jpg,2007,3998
Bacterial Spot Rot,913,1984,566,1433,49_Bacterial Spot. (15).jpg,2007,3998
Bacterial Spot Rot,680,465,217,333,49_Bacterial Spot. (15).jpg,2007,3998
Bacterial Spot Rot,1044,519,527,1379,49_Bacterial Spot. (15).jpg,2007,3998
Bacterial Spot Rot,192,2115,666,790,49_Bacterial Spot. (15).jpg,2007,3998
Bacterial Spot Rot,540,625,164,129,50_Bacterial Spot. (150).jpg,960,1280
Bacterial Spot Rot,317,680,89,129,50_Bacterial Spot. (150).jpg,960,1280
Bacterial Spot Rot,218,687,122,127,51_Bacterial Spot. (151).jpg,960,1280
Bacterial Spot Rot,307,310,159,198,51_Bacterial Spot. (151).jpg,960,1280
Bacterial Spot Rot,280,456,77,129,52_Bacterial Spot. (152).jpg,960,1280
Bacterial Spot Rot,426,687,122,127,52_Bacterial Spot. (152).jpg,960,1280
Bacterial Spot Rot,771,275,117,104,53_Bacterial Spot. (153).jpg,1280,960
Bacterial Spot Rot,421,296,117,147,53_Bacterial Spot. (153).jpg,1280,960
Bacterial Spot Rot,230,432,117,141,54_Bacterial Spot. (155).jpg,960,1280
Bacterial Spot Rot,443,665,146,127,54_Bacterial Spot. (155).jpg,960,1280
Bacterial Spot Rot,601,687,154,140,55_Bacterial Spot. (156).jpg,1280,960
Bacterial Spot Rot,793,553,93,99,55_Bacterial Spot. (156).jpg,1280,960
Bacterial Spot Rot,334,794,179,136,56_Bacterial Spot. (157).jpg,960,1280
Bacterial Spot Rot,416,315,146,243,56_Bacterial Spot. (157).jpg,960,1280
Bacterial Spot Rot,426,685,131,136,57_Bacterial Spot. (158).jpg,960,1280
Bacterial Spot Rot,176,513,124,154,57_Bacterial Spot. (158).jpg,960,1280
Bacterial Spot Rot,539,202,100,204,58_Bacterial Spot. (159).jpg,960,720
Bacterial Spot Rot,414,848,139,127,59_Bacterial Spot. (160).jpg,960,1280
Bacterial Spot Rot,592,630,107,119,59_Bacterial Spot. (160).jpg,960,1280
Bacterial Spot Rot,481,251,140,156,60_Bacterial Spot. (161).jpg,1280,960
Bacterial Spot Rot,734,469,134,158,60_Bacterial Spot. (161).jpg,1280,960
Bacterial Spot Rot,778,331,108,117,61_Bacterial Spot. (162).jpg,1280,960
Bacterial Spot Rot,574,523,156,128,61_Bacterial Spot. (162).jpg,1280,960
Bacterial Spot Rot,754,385,93,86,62_Bacterial Spot. (163).jpg,1280,960
Bacterial Spot Rot,609,549,145,149,62_Bacterial Spot. (163).jpg,1280,960
Bacterial Spot Rot,389,548,69,92,63_Bacterial Spot. (165).jpg,960,1280
Bacterial Spot Rot,453,707,67,89,63_Bacterial Spot. (165).jpg,960,1280
Bacterial Spot Rot,178,118,140,165,64_Bacterial Spot. (166).jpg,500,375
Bacterial Spot Rot,959,483,307,327,65_Bacterial Spot. (168).jpg,2816,2112
Bacterial Spot Rot,1520,327,270,246,65_Bacterial Spot. (168).jpg,2816,2112
Bacterial Spot Rot,693,295,291,340,65_Bacterial Spot. (168).jpg,2816,2112
Bacterial Spot Rot,664,896,585,307,65_Bacterial Spot. (168).jpg,2816,2112
Bacterial Spot Rot,1110,229,229,274,65_Bacterial Spot. (168).jpg,2816,2112
Bacterial Spot Rot,668,737,192,229,65_Bacterial Spot. (168).jpg,2816,2112
Bacterial Spot Rot,1307,679,614,679,65_Bacterial Spot. (168).jpg,2816,2112
Bacterial Spot Rot,165,125,423,455,66_Bacterial Spot. (169).jpg,750,750
Bacterial Spot Rot,2200,455,824,957,67_Bacterial Spot. (17).jpg,3613,1764
Bacterial Spot Rot,1452,307,692,758,67_Bacterial Spot. (17).jpg,3613,1764
Bacterial Spot Rot,541,633,748,555,67_Bacterial Spot. (17).jpg,3613,1764
Bacterial Spot Rot,368,141,46,42,68_Bacterial Spot. (171).jpg,750,499
Bacterial Spot Rot,231,166,71,40,68_Bacterial Spot. (171).jpg,750,499
Bacterial Spot Rot,305,172,79,46,68_Bacterial Spot. (171).jpg,750,499
Bacterial Spot Rot,265,217,108,42,68_Bacterial Spot. (171).jpg,750,499
Bacterial Spot Rot,380,214,58,60,68_Bacterial Spot. (171).jpg,750,499
Bacterial Spot Rot,236,162,58,70,69_Bacterial Spot. (172).jpg,750,499
Bacterial Spot Rot,297,172,82,53,69_Bacterial Spot. (172).jpg,750,499
Bacterial Spot Rot,381,216,55,56,69_Bacterial Spot. (172).jpg,750,499
Bacterial Spot Rot,271,216,101,53,69_Bacterial Spot. (172).jpg,750,499
Bacterial Spot Rot,367,142,51,44,69_Bacterial Spot. (172).jpg,750,499
Bacterial Spot Rot,414,939,992,665,70_Bacterial Spot. (18).jpg,1775,3065
Bacterial Spot Rot,527,178,422,653,70_Bacterial Spot. (18).jpg,1775,3065
Bacterial Spot Rot,349,1568,790,826,70_Bacterial Spot. (18).jpg,1775,3065
Bacterial Spot Rot,336,497,679,669,71_Bacterial Spot. (19).jpg,2344,1845
Bacterial Spot Rot,1073,615,765,837,71_Bacterial Spot. (19).jpg,2344,1845
Bacterial Spot Rot,1060,965,797,727,72_Bacterial Spot. (2).jpg,4000,3000
Bacterial Spot Rot,210,788,907,687,73_Bacterial Spot. (20).jpg,1905,1927
Bacterial Spot Rot,285,366,545,273,73_Bacterial Spot. (20).jpg,1905,1927
Bacterial Spot Rot,1129,534,568,654,73_Bacterial Spot. (20).jpg,1905,1927
Bacterial Spot Rot,352,1552,749,814,74_Bacterial Spot. (21).jpg,1863,2801
Bacterial Spot Rot,575,983,776,537,74_Bacterial Spot. (21).jpg,1863,2801
Bacterial Spot Rot,553,33,537,771,74_Bacterial Spot. (21).jpg,1863,2801
Bacterial Spot Rot,1786,1529,733,953,75_Bacterial Spot. (22).jpg,4000,3000
Bacterial Spot Rot,1525,483,907,605,75_Bacterial Spot. (22).jpg,4000,3000
Bacterial Spot Rot,629,1064,1122,558,75_Bacterial Spot. (22).jpg,4000,3000
Bacterial Spot Rot,2682,919,1105,547,75_Bacterial Spot. (22).jpg,4000,3000
Bacterial Spot Rot,1717,1494,808,959,76_Bacterial Spot. (23).jpg,4000,3000
Bacterial Spot Rot,2868,971,820,494,76_Bacterial Spot. (23).jpg,4000,3000
Bacterial Spot Rot,1548,512,855,622,76_Bacterial Spot. (23).jpg,4000,3000
Bacterial Spot Rot,670,1058,1041,512,76_Bacterial Spot. (23).jpg,4000,3000
Bacterial Spot Rot,2443,605,570,378,76_Bacterial Spot. (23).jpg,4000,3000
Bacterial Spot Rot,2182,587,721,581,77_Bacterial Spot. (24).jpg,4000,3000
Bacterial Spot Rot,2914,930,727,558,77_Bacterial Spot. (24).jpg,4000,3000
Bacterial Spot Rot,1496,494,715,610,77_Bacterial Spot. (24).jpg,4000,3000
Bacterial Spot Rot,1827,1535,634,872,77_Bacterial Spot. (24).jpg,4000,3000
Bacterial Spot Rot,653,1058,994,535,77_Bacterial Spot. (24).jpg,4000,3000
Bacterial Spot Rot,2839,936,390,453,78_Bacterial Spot. (25).jpg,4000,3000
Bacterial Spot Rot,1548,1215,762,849,78_Bacterial Spot. (25).jpg,4000,3000
Bacterial Spot Rot,2368,407,453,651,78_Bacterial Spot. (25).jpg,4000,3000
Bacterial Spot Rot,2821,1448,634,866,78_Bacterial Spot. (25).jpg,4000,3000
Bacterial Spot Rot,1455,233,762,651,78_Bacterial Spot. (25).jpg,4000,3000
Bacterial Spot Rot,2833,1372,523,808,79_Bacterial Spot. (26).jpg,4000,3000
Bacterial Spot Rot,1403,180,814,698,79_Bacterial Spot. (26).jpg,4000,3000
Bacterial Spot Rot,1484,1151,791,895,79_Bacterial Spot. (26).jpg,4000,3000
Bacterial Spot Rot,2723,913,477,541,79_Bacterial Spot. (26).jpg,4000,3000
Bacterial Spot Rot,2275,256,547,692,79_Bacterial Spot. (26).jpg,4000,3000
Bacterial Spot Rot,2839,1436,541,802,80_Bacterial Spot. (27).jpg,4000,3000
Bacterial Spot Rot,1461,1209,849,808,80_Bacterial Spot. (27).jpg,4000,3000
Bacterial Spot Rot,2246,267,547,744,80_Bacterial Spot. (27).jpg,4000,3000
Bacterial Spot Rot,1438,122,802,698,80_Bacterial Spot. (27).jpg,4000,3000
Bacterial Spot Rot,2699,837,471,564,80_Bacterial Spot. (27).jpg,4000,3000
Bacterial Spot Rot,1252,565,605,745,81_Bacterial Spot. (28).jpg,1958,2261
Bacterial Spot Rot,770,1345,649,583,81_Bacterial Spot. (28).jpg,1958,2261
Bacterial Spot Rot,310,408,903,916,81_Bacterial Spot. (28).jpg,1958,2261
Bacterial Spot Rot,564,207,909,948,82_Bacterial Spot. (29).jpg,1812,2014
Bacterial Spot Rot,353,1073,730,683,82_Bacterial Spot. (29).jpg,1812,2014
Bacterial Spot Rot,1208,199,304,375,82_Bacterial Spot. (29).jpg,1812,2014
Bacterial Spot Rot,9,293,543,734,82_Bacterial Spot. (29).jpg,1812,2014
Bacterial Spot Rot,472,746,444,413,83_Bacterial Spot. (30).jpg,2060,1790
Bacterial Spot Rot,826,281,614,746,83_Bacterial Spot. (30).jpg,2060,1790
Bacterial Spot Rot,480,823,404,400,84_Bacterial Spot. (31).jpg,2166,1949
Bacterial Spot Rot,831,336,574,767,84_Bacterial Spot. (31).jpg,2166,1949
Bacterial Spot Rot,425,789,409,358,85_Bacterial Spot. (33).jpg,2140,1884
Bacterial Spot Rot,801,267,544,789,85_Bacterial Spot. (33).jpg,2140,1884
Bacterial Spot Rot,414,657,394,462,86_Bacterial Spot. (34).jpg,2452,2056
Bacterial Spot Rot,821,179,757,920,86_Bacterial Spot. (34).jpg,2452,2056
Bacterial Spot Rot,458,578,437,441,87_Bacterial Spot. (35).jpg,2548,2086
Bacterial Spot Rot,875,93,691,974,87_Bacterial Spot. (35).jpg,2548,2086
Bacterial Spot Rot,1006,174,538,937,88_Bacterial Spot. (36).jpg,2510,2187
Bacterial Spot Rot,519,640,373,390,88_Bacterial Spot. (36).jpg,2510,2187
Bacterial Spot Rot,1126,330,743,998,89_Bacterial Spot. (37).jpg,2705,2395
Bacterial Spot Rot,792,956,538,408,89_Bacterial Spot. (37).jpg,2705,2395
Bacterial Spot Rot,828,894,458,391,90_Bacterial Spot. (38).jpg,2622,2294
Bacterial Spot Rot,1134,253,662,934,90_Bacterial Spot. (38).jpg,2622,2294
Bacterial Spot Rot,1260,183,672,1001,91_Bacterial Spot. (39).jpg,2999,2156
Bacterial Spot Rot,968,837,439,473,91_Bacterial Spot. (39).jpg,2999,2156
Bacterial Spot Rot,829,631,609,1089,92_Bacterial Spot. (4).jpg,2642,2293
Bacterial Spot Rot,874,282,669,975,93_Bacterial Spot. (40).jpg,2884,2467
Bacterial Spot Rot,1352,861,406,521,93_Bacterial Spot. (40).jpg,2884,2467
Bacterial Spot Rot,716,50,1259,456,94_Bacterial Spot. (41).jpg,2341,1993
Bacterial Spot Rot,109,610,1726,1348,94_Bacterial Spot. (41).jpg,2341,1993
Bacterial Spot Rot,343,0,1333,374,95_Bacterial Spot. (42).jpg,2345,1948
Bacterial Spot Rot,347,476,1940,1472,95_Bacterial Spot. (42).jpg,2345,1948
Bacterial Spot Rot,36,280,1356,1466,96_Bacterial Spot. (43).jpg,2033,2034
Bacterial Spot Rot,1353,55,658,749,96_Bacterial Spot. (43).jpg,2033,2034
Bacterial Spot Rot,963,480,667,834,97_Bacterial Spot. (45).jpg,2416,2049
Bacterial Spot Rot,111,5,861,1064,98_Bacterial Spot. (47).jpg,1105,1310
Bacterial Spot Rot,112,0,911,961,99_Bacterial Spot. (48).jpg,1160,1221
Bacterial Spot Rot,162,12,957,935,100_Bacterial Spot. (49).jpg,1119,1037
Bacterial Spot Rot,449,616,1008,656,101_Bacterial Spot. (5).jpg,2215,2064
Bacterial Spot Rot,9,10,923,917,102_Bacterial Spot. (50).jpg,932,1009
Bacterial Spot Rot,191,209,1122,904,103_Bacterial Spot. (51).jpg,1419,1281
Bacterial Spot Rot,101,1183,163,263,104_Bacterial Spot. (52).jpg,2047,1913
Bacterial Spot Rot,450,682,593,397,104_Bacterial Spot. (52).jpg,2047,1913
Bacterial Spot Rot,1251,957,374,341,104_Bacterial Spot. (52).jpg,2047,1913
Bacterial Spot Rot,854,1520,901,308,104_Bacterial Spot. (52).jpg,2047,1913
Bacterial Spot Rot,394,1531,348,248,104_Bacterial Spot. (52).jpg,2047,1913
Bacterial Spot Rot,1330,962,402,307,105_Bacterial Spot. (53).jpg,2073,1887
Bacterial Spot Rot,482,753,563,380,105_Bacterial Spot. (53).jpg,2073,1887
Bacterial Spot Rot,957,1529,848,325,105_Bacterial Spot. (53).jpg,2073,1887
Bacterial Spot Rot,112,1280,285,329,105_Bacterial Spot. (53).jpg,2073,1887
Bacterial Spot Rot,507,1591,315,263,105_Bacterial Spot. (53).jpg,2073,1887
Bacterial Spot Rot,281,460,558,568,106_Bacterial Spot. (54).jpg,1612,1695
Bacterial Spot Rot,988,1114,611,581,106_Bacterial Spot. (54).jpg,1612,1695
Bacterial Spot Rot,173,1081,499,595,106_Bacterial Spot. (54).jpg,1612,1695
Bacterial Spot Rot,741,782,483,634,106_Bacterial Spot. (54).jpg,1612,1695
Bacterial Spot Rot,963,956,497,578,107_Bacterial Spot. (55).jpg,1975,2193
Bacterial Spot Rot,1261,1228,587,578,107_Bacterial Spot. (55).jpg,1975,2193
Bacterial Spot Rot,763,633,336,404,107_Bacterial Spot. (55).jpg,1975,2193
Bacterial Spot Rot,419,816,421,332,107_Bacterial Spot. (55).jpg,1975,2193
Bacterial Spot Rot,406,1352,400,408,107_Bacterial Spot. (55).jpg,1975,2193
Bacterial Spot Rot,890,611,472,593,108_Bacterial Spot. (57).jpg,2000,1790
Bacterial Spot Rot,349,1044,399,430,108_Bacterial Spot. (57).jpg,2000,1790
Bacterial Spot Rot,1129,871,638,663,108_Bacterial Spot. (57).jpg,2000,1790
Bacterial Spot Rot,297,548,437,267,108_Bacterial Spot. (57).jpg,2000,1790
Bacterial Spot Rot,633,291,406,454,108_Bacterial Spot. (57).jpg,2000,1790
Bacterial Spot Rot,1017,1,508,794,109_Bacterial Spot. (59).jpg,2097,1190
Bacterial Spot Rot,394,418,266,227,109_Bacterial Spot. (59).jpg,2097,1190
Bacterial Spot Rot,1466,418,354,375,109_Bacterial Spot. (59).jpg,2097,1190
Bacterial Spot Rot,765,690,686,1034,110_Bacterial Spot. (6).jpg,2291,2213
Bacterial Spot Rot,316,591,405,307,111_Bacterial Spot. (60).jpg,1982,1288
Bacterial Spot Rot,676,474,435,463,111_Bacterial Spot. (60).jpg,1982,1288
Bacterial Spot Rot,620,61,539,438,111_Bacterial Spot. (60).jpg,1982,1288
Bacterial Spot Rot,1466,535,290,179,111_Bacterial Spot. (60).jpg,1982,1288
Bacterial Spot Rot,436,800,932,491,112_Bacterial Spot. (61).jpg,1368,1835
Bacterial Spot Rot,660,135,256,352,112_Bacterial Spot. (61).jpg,1368,1835
Bacterial Spot Rot,472,1216,352,377,112_Bacterial Spot. (61).jpg,1368,1835
Bacterial Spot Rot,271,691,557,521,113_Bacterial Spot. (62).jpg,2012,1818
Bacterial Spot Rot,1116,261,684,726,113_Bacterial Spot. (62).jpg,2012,1818
Bacterial Spot Rot,194,126,695,897,114_Bacterial Spot. (63).jpg,1977,1801
Bacterial Spot Rot,1153,562,555,475,114_Bacterial Spot. (63).jpg,1977,1801
Bacterial Spot Rot,1068,130,725,722,115_Bacterial Spot. (64).jpg,2423,1817
Bacterial Spot Rot,434,912,458,454,115_Bacterial Spot. (64).jpg,2423,1817
Bacterial Spot Rot,1224,0,701,521,116_Bacterial Spot. (65).jpg,2424,1818
Bacterial Spot Rot,477,726,687,807,116_Bacterial Spot. (65).jpg,2424,1818
Bacterial Spot Rot,1456,521,358,469,117_Bacterial Spot. (66).jpg,2591,2052
Bacterial Spot Rot,2676,890,436,599,118_Bacterial Spot. (67).jpg,4000,3000
Bacterial Spot Rot,2345,686,535,715,119_Bacterial Spot. (69).jpg,4000,3000
Bacterial Spot Rot,443,700,956,830,120_Bacterial Spot. (7).jpg,2005,1634
Bacterial Spot Rot,1193,908,798,582,121_Bacterial Spot. (70).jpg,2517,2028
Bacterial Spot Rot,618,848,405,483,122_Bacterial Spot. (71).jpg,1947,2113
Bacterial Spot Rot,1093,709,632,405,123_Bacterial Spot. (72).jpg,2802,2490
Bacterial Spot Rot,899,633,605,441,124_Bacterial Spot. (73).jpg,2433,2348
Bacterial Spot Rot,448,1121,881,750,125_Bacterial Spot. (74).jpg,2130,1934
Bacterial Spot Rot,867,386,498,487,125_Bacterial Spot. (74).jpg,2130,1934
Bacterial Spot Rot,826,373,453,477,126_Bacterial Spot. (75).jpg,1988,1783
Bacterial Spot Rot,1043,1109,591,553,126_Bacterial Spot. (75).jpg,1988,1783
Bacterial Spot Rot,1100,1238,545,489,127_Bacterial Spot. (76).jpg,2045,1790
Bacterial Spot Rot,885,475,434,444,127_Bacterial Spot. (76).jpg,2045,1790
Bacterial Spot Rot,1372,236,852,871,128_Bacterial Spot. (79).jpg,2828,2484
Bacterial Spot Rot,753,682,701,1054,129_Bacterial Spot. (8).jpg,2365,2021
Bacterial Spot Rot,1386,827,578,963,130_Bacterial Spot. (80).jpg,2165,2259
Bacterial Spot Rot,1491,676,523,1029,131_Bacterial Spot. (81).jpg,2152,2249
Bacterial Spot Rot,473,1445,1046,546,132_Bacterial Spot. (82).jpg,2238,2168
Bacterial Spot Rot,55,280,1208,1474,133_Bacterial Spot. (83).jpg,2283,2291
Bacterial Spot Rot,211,0,1386,1115,134_Bacterial Spot. (84).jpg,1775,1723
Bacterial Spot Rot,576,0,1353,1235,135_Bacterial Spot. (85).jpg,2120,1737
Bacterial Spot Rot,1757,901,610,517,136_Bacterial Spot. (87).jpg,4000,3000
Bacterial Spot Rot,976,567,821,782,137_Bacterial Spot. (88).jpg,2307,1702
Bacterial Spot Rot,1226,447,297,587,138_Bacterial Spot. (89).jpg,2171,1847
Bacterial Spot Rot,88,712,447,641,138_Bacterial Spot. (89).jpg,2171,1847
Bacterial Spot Rot,659,597,808,1022,139_Bacterial Spot. (9).jpg,2101,1877
Bacterial Spot Rot,333,641,395,635,140_Bacterial Spot. (90).jpg,2334,1697
Bacterial Spot Rot,1365,345,424,602,140_Bacterial Spot. (90).jpg,2334,1697
Bacterial Spot Rot,247,703,396,676,141_Bacterial Spot. (91).jpg,2294,2004
Bacterial Spot Rot,1284,536,400,540,141_Bacterial Spot. (91).jpg,2294,2004
Bacterial Spot Rot,732,94,517,431,142_Bacterial Spot. (92).jpg,1914,2119
Bacterial Spot Rot,880,1101,698,489,142_Bacterial Spot. (92).jpg,1914,2119
Bacterial Spot Rot,2368,733,436,634,143_Bacterial Spot. (93).jpg,4000,3000
Bacterial Spot Rot,1339,994,442,558,143_Bacterial Spot. (93).jpg,4000,3000
Bacterial Spot Rot,2612,895,535,744,144_Bacterial Spot. (94).jpg,4000,3000
Bacterial Spot Rot,1286,1076,727,860,144_Bacterial Spot. (94).jpg,4000,3000
Bacterial Spot Rot,2414,517,779,930,145_Bacterial Spot. (95).jpg,4000,3000
Bacterial Spot Rot,874,686,709,872,145_Bacterial Spot. (95).jpg,4000,3000
Bacterial Spot Rot,354,540,634,644,146_Bacterial Spot. (96).jpg,2023,1787
Bacterial Spot Rot,1186,492,578,672,146_Bacterial Spot. (96).jpg,2023,1787
Bacterial Spot Rot,444,1033,339,493,147_Bacterial Spot. (99).jpg,2581,2034
Bacterial Spot Rot,1374,907,702,587,147_Bacterial Spot. (99).jpg,2581,2034
Black Rot,1688,454,1802,1172,148_Black Rot(1).jpeg,4032,3024
Black Rot,1544,1632,1770,882,148_Black Rot(1).jpeg,4032,3024
Black Rot,1569,731,1033,359,149_Black Rot(1).jpg,4032,3024
Black Rot,63,863,939,517,149_Black Rot(1).jpg,4032,3024
Black Rot,1607,1184,850,1165,149_Black Rot(1).jpg,4032,3024
Black Rot,2690,1153,1134,1411,149_Black Rot(1).jpg,4032,3024
Black Rot,561,1562,869,1279,149_Black Rot(1).jpg,4032,3024
Black Rot,1302,1277,1285,1067,150_Black Rot(10).jpeg,3024,4032
Black Rot,1025,2369,1512,1562,150_Black Rot(10).jpeg,3024,4032
Black Rot,1856,596,1134,395,150_Black Rot(10).jpeg,3024,4032
Black Rot,1512,1126,798,1453,151_Black Rot(11).jpeg,3024,4032
Black Rot,420,722,1100,1705,151_Black Rot(11).jpeg,3024,4032
Black Rot,69,1197,800,649,152_Black Rot(11).jpg,4032,3024
Black Rot,454,1676,1562,1336,152_Black Rot(11).jpg,4032,3024
Black Rot,1430,1550,1455,737,153_Black Rot(12).jpeg,4032,3024
Black Rot,1625,454,1657,1090,153_Black Rot(12).jpeg,4032,3024
Black Rot,2482,1468,724,542,154_Black Rot(12).jpg,4032,3024
Black Rot,1915,1254,403,479,155_Black Rot(13).jpeg,4032,3024
Black Rot,3314,170,498,1096,155_Black Rot(13).jpeg,4032,3024
Black Rot,2375,693,951,1594,155_Black Rot(13).jpeg,4032,3024
Black Rot,1441,580,824,412,156_Black Rot(14).jpeg,3004,3662
Black Rot,937,1778,1511,1762,156_Black Rot(14).jpeg,3004,3662
Black Rot,808,1205,1450,557,156_Black Rot(14).jpeg,3004,3662
Black Rot,2161,1443,712,504,157_Black Rot(14).jpg,4032,3024
Black Rot,2167,1481,888,567,158_Black Rot(15).jpg,4032,3024
Black Rot,2255,1310,599,1279,159_Black Rot(16).jpeg,4032,3024
Black Rot,3037,1726,365,712,159_Black Rot(16).jpeg,4032,3024
Black Rot,712,977,599,340,159_Black Rot(16).jpeg,4032,3024
Black Rot,428,1355,1808,1229,159_Black Rot(16).jpeg,4032,3024
Black Rot,1424,1147,1140,806,160_Black Rot(16).jpg,4032,3024
Black Rot,0,359,1348,1764,161_Black Rot(17).jpg,4032,3024
Black Rot,1405,1978,617,422,161_Black Rot(17).jpg,4032,3024
Black Rot,2974,120,561,945,161_Black Rot(17).jpg,4032,3024
Black Rot,3030,1695,662,485,161_Black Rot(17).jpg,4032,3024
Black Rot,2678,422,592,1021,162_Black Rot(18).jpeg,4032,3024
Black Rot,1436,1531,1436,806,162_Black Rot(18).jpeg,4032,3024
Black Rot,1455,832,1210,712,162_Black Rot(18).jpeg,4032,3024
Black Rot,1046,977,1178,926,163_Black Rot(18).jpg,4032,3024
Black Rot,2155,2129,592,391,163_Black Rot(18).jpg,4032,3024
Black Rot,739,2670,748,404,164_Black Rot(19).jpeg,3004,3662
Black Rot,739,1884,1472,671,164_Black Rot(19).jpeg,3004,3662
Black Rot,1723,397,450,435,164_Black Rot(19).jpeg,3004,3662
Black Rot,518,702,1266,1152,164_Black Rot(19).jpeg,3004,3662
Black Rot,2615,2142,592,334,165_Black Rot(19).jpg,4032,3024
Black Rot,1386,825,1197,989,165_Black Rot(19).jpg,4032,3024
Black Rot,2785,1247,1241,1474,166_Black Rot(2).jpg,4032,3024
Black Rot,1499,706,1228,491,166_Black Rot(2).jpg,4032,3024
Black Rot,202,945,832,529,166_Black Rot(2).jpg,4032,3024
Black Rot,714,2369,890,1084,167_Black Rot(20).jpeg,3024,4032
Black Rot,1201,1873,647,479,167_Black Rot(20).jpeg,3024,4032
Black Rot,1596,2386,806,1285,167_Black Rot(20).jpeg,3024,4032
Black Rot,529,819,743,290,168_Black Rot(21).jpeg,4032,3024
Black Rot,284,1128,2539,1487,168_Black Rot(21).jpeg,4032,3024
Black Rot,3087,1733,466,561,168_Black Rot(21).jpeg,4032,3024
Black Rot,914,1084,1392,706,169_Black Rot(21).jpg,4032,3024
Black Rot,2495,1701,466,391,169_Black Rot(21).jpg,4032,3024
Black Rot,769,1184,1411,813,170_Black Rot(22).jpg,4032,3024
Black Rot,2413,1758,447,441,170_Black Rot(22).jpg,4032,3024
Black Rot,738,3002,713,547,171_Black Rot(23).jpeg,2985,3981
Black Rot,1592,2090,464,464,171_Black Rot(23).jpeg,2985,3981
Black Rot,564,1186,970,1700,171_Black Rot(23).jpeg,2985,3981
Black Rot,1128,0,1111,1509,171_Black Rot(23).jpeg,2985,3981
Black Rot,2552,1544,416,523,172_Black Rot(23).jpg,4032,3024
Black Rot,1688,1222,781,662,172_Black Rot(23).jpg,4032,3024
Black Rot,202,1336,1302,1470,173_Black Rot(24).jpeg,3024,4032
Black Rot,1579,2176,722,378,173_Black Rot(24).jpeg,3024,4032
Black Rot,731,3016,588,445,173_Black Rot(24).jpeg,3024,4032
Black Rot,1151,0,1084,1546,173_Black Rot(24).jpeg,3024,4032
Black Rot,462,1840,1571,1058,174_Black Rot(25).jpeg,3024,4032
Black Rot,806,0,1378,1840,174_Black Rot(25).jpeg,3024,4032
Black Rot,731,3100,605,412,174_Black Rot(25).jpeg,3024,4032
Black Rot,630,277,2079,1077,175_Black Rot(25).jpg,4032,3024
Black Rot,1084,1317,1915,794,175_Black Rot(25).jpg,4032,3024
Black Rot,1588,2159,445,370,176_Black Rot(26).jpeg,3024,4032
Black Rot,1100,0,1084,1453,176_Black Rot(26).jpeg,3024,4032
Black Rot,596,1294,966,1999,176_Black Rot(26).jpeg,3024,4032
Black Rot,1392,1361,1796,876,177_Black Rot(26).jpg,4032,3024
Black Rot,926,302,1947,1102,177_Black Rot(26).jpg,4032,3024
Black Rot,1758,1310,995,951,178_Black Rot(27).jpg,4032,3024
Black Rot,655,1260,1077,674,178_Black Rot(27).jpg,4032,3024
Black Rot,977,378,466,813,178_Black Rot(27).jpg,4032,3024
Black Rot,1487,214,1090,1090,178_Black Rot(27).jpg,4032,3024
Black Rot,1210,0,1168,1092,179_Black Rot(28).jpeg,3024,4032
Black Rot,622,899,1252,1294,179_Black Rot(28).jpeg,3024,4032
Black Rot,806,2184,1159,697,179_Black Rot(28).jpeg,3024,4032
Black Rot,1210,844,252,214,180_Black Rot(28).jpg,4032,3024
Black Rot,737,1235,1021,1166,180_Black Rot(28).jpg,4032,3024
Black Rot,1770,1493,1046,932,180_Black Rot(28).jpg,4032,3024
Black Rot,1575,630,970,863,180_Black Rot(28).jpg,4032,3024
Black Rot,1255,1132,1512,962,181_Black Rot(29).jpeg,2996,3881
Black Rot,1732,614,752,412,181_Black Rot(29).jpeg,2996,3881
Black Rot,1239,2086,1415,857,181_Black Rot(29).jpeg,2996,3881
Black Rot,900,2830,1156,1051,181_Black Rot(29).jpeg,2996,3881
Black Rot,1720,485,819,1172,182_Black Rot(29).jpg,4032,3024
Black Rot,769,599,1033,1682,182_Black Rot(29).jpg,4032,3024
Black Rot,1802,1588,1033,851,182_Black Rot(29).jpg,4032,3024
Black Rot,2255,1298,529,1178,183_Black Rot(3).jpeg,4032,3024
Black Rot,3074,1802,372,605,183_Black Rot(3).jpeg,4032,3024
Black Rot,466,1348,1764,1279,183_Black Rot(3).jpeg,4032,3024
Black Rot,693,939,630,372,183_Black Rot(3).jpeg,4032,3024
Black Rot,50,1071,391,1021,183_Black Rot(3).jpeg,4032,3024
Black Rot,142,422,256,171,184_Black Rot(3).jpg,1024,768
Black Rot,376,35,309,123,184_Black Rot(3).jpg,1024,768
Black Rot,99,272,96,146,184_Black Rot(3).jpg,1024,768
Black Rot,483,179,155,232,184_Black Rot(3).jpg,1024,768
Black Rot,398,341,54,126,184_Black Rot(3).jpg,1024,768
Black Rot,205,74,152,128,184_Black Rot(3).jpg,1024,768
Black Rot,643,174,144,238,184_Black Rot(3).jpg,1024,768
Black Rot,330,186,141,134,184_Black Rot(3).jpg,1024,768
Black Rot,461,443,186,213,184_Black Rot(3).jpg,1024,768
Black Rot,235,1075,1487,865,185_Black Rot(30).jpeg,3024,4032
Black Rot,235,1949,1520,815,185_Black Rot(30).jpeg,3024,4032
Black Rot,529,3016,890,370,185_Black Rot(30).jpeg,3024,4032
Black Rot,983,92,1058,655,185_Black Rot(30).jpeg,3024,4032
Black Rot,1672,697,437,605,185_Black Rot(30).jpeg,3024,4032
Black Rot,838,1366,595,450,186_Black Rot(31).jpeg,3004,3662
Black Rot,815,2464,1152,1198,186_Black Rot(31).jpeg,3004,3662
Black Rot,1494,1274,946,1465,186_Black Rot(31).jpeg,3004,3662
Black Rot,1494,549,847,465,186_Black Rot(31).jpeg,3004,3662
Black Rot,2331,0,857,636,187_Black Rot(31).jpg,4032,3024
Black Rot,995,1651,428,586,187_Black Rot(31).jpg,4032,3024
Black Rot,1493,1436,699,680,187_Black Rot(31).jpg,4032,3024
Black Rot,548,1121,1594,422,187_Black Rot(31).jpg,4032,3024
Black Rot,892,3067,221,8,188_Black Rot(32).jpeg,3004,3662
Black Rot,1456,595,916,412,188_Black Rot(32).jpeg,3004,3662
Black Rot,304,1945,671,565,188_Black Rot(32).jpeg,3004,3662
Black Rot,792,1236,626,580,188_Black Rot(32).jpeg,3004,3662
Black Rot,1594,1282,1030,1251,188_Black Rot(32).jpeg,3004,3662
Black Rot,922,2487,1053,1167,188_Black Rot(32).jpeg,3004,3662
Black Rot,1021,1783,624,599,189_Black Rot(32).jpg,4032,3024
Black Rot,1770,1273,1014,882,189_Black Rot(32).jpg,4032,3024
Black Rot,139,586,2148,794,189_Black Rot(32).jpg,4032,3024
Black Rot,643,1109,1600,479,190_Black Rot(33).jpg,4032,3024
Black Rot,1758,1455,769,712,190_Black Rot(33).jpg,4032,3024
Black Rot,1241,1821,504,567,190_Black Rot(33).jpg,4032,3024
Black Rot,441,674,441,649,190_Black Rot(33).jpg,4032,3024
Black Rot,2967,1405,504,907,191_Black Rot(34).jpeg,4032,3024
Black Rot,2230,825,567,1474,191_Black Rot(34).jpeg,4032,3024
Black Rot,176,920,1499,775,191_Black Rot(34).jpeg,4032,3024
Black Rot,441,1695,1783,743,191_Black Rot(34).jpeg,4032,3024
Black Rot,958,1512,844,466,192_Black Rot(34).jpg,4032,3024
Black Rot,769,970,775,567,192_Black Rot(34).jpg,4032,3024
Black Rot,1607,819,756,1052,192_Black Rot(34).jpg,4032,3024
Black Rot,1075,0,923,366,193_Black Rot(35).jpeg,3004,3662
Black Rot,1533,1808,732,587,193_Black Rot(35).jpeg,3004,3662
Black Rot,289,1038,1129,1335,193_Black Rot(35).jpeg,3004,3662
Black Rot,686,2678,854,381,193_Black Rot(35).jpeg,3004,3662
Black Rot,1189,458,885,854,193_Black Rot(35).jpeg,3004,3662
Black Rot,1495,1630,756,1033,194_Black Rot(36).jpeg,3024,4032
Black Rot,1453,2663,1226,630,194_Black Rot(36).jpeg,3024,4032
Black Rot,890,1369,916,328,194_Black Rot(36).jpeg,3024,4032
Black Rot,647,1848,832,1067,194_Black Rot(36).jpeg,3024,4032
Black Rot,1247,6,1304,573,195_Black Rot(36).jpg,4032,3024
Black Rot,813,1014,832,1096,195_Black Rot(36).jpg,4032,3024
Black Rot,1613,662,976,1166,195_Black Rot(36).jpg,4032,3024
Black Rot,1443,1052,479,302,196_Black Rot(37).jpg,4032,3024
Black Rot,164,1292,586,422,196_Black Rot(37).jpg,4032,3024
Black Rot,1008,1266,353,221,196_Black Rot(37).jpg,4032,3024
Black Rot,441,2545,517,397,196_Black Rot(37).jpg,4032,3024
Black Rot,3030,2003,384,384,196_Black Rot(37).jpg,4032,3024
Black Rot,1758,1481,888,851,196_Black Rot(37).jpg,4032,3024
Black Rot,2318,1203,712,346,196_Black Rot(37).jpg,4032,3024
Black Rot,353,739,420,328,197_Black Rot(38).jpeg,3024,4032
Black Rot,857,781,655,1386,197_Black Rot(38).jpeg,3024,4032
Black Rot,1504,1042,874,1126,197_Black Rot(38).jpeg,3024,4032
Black Rot,1277,2167,630,546,197_Black Rot(38).jpeg,3024,4032
Black Rot,2974,1632,397,384,198_Black Rot(38).jpg,4032,3024
Black Rot,246,1235,529,781,198_Black Rot(38).jpg,4032,3024
Black Rot,170,2218,410,321,198_Black Rot(38).jpg,4032,3024
Black Rot,712,951,718,888,198_Black Rot(38).jpg,4032,3024
Black Rot,1544,1008,945,989,198_Black Rot(38).jpg,4032,3024
Black Rot,0,813,391,309,198_Black Rot(38).jpg,4032,3024
Black Rot,838,2596,466,334,198_Black Rot(38).jpg,4032,3024
Black Rot,2230,756,762,346,198_Black Rot(38).jpg,4032,3024
Black Rot,1197,504,649,340,198_Black Rot(38).jpg,4032,3024
Black Rot,882,580,731,1504,199_Black Rot(39).jpeg,3024,4032
Black Rot,412,529,370,344,199_Black Rot(39).jpeg,3024,4032
Black Rot,1352,2100,546,445,199_Black Rot(39).jpeg,3024,4032
Black Rot,1621,890,865,1176,199_Black Rot(39).jpeg,3024,4032
Black Rot,6,964,888,1191,200_Black Rot(39).jpg,4032,3024
Black Rot,2879,1890,403,391,200_Black Rot(39).jpg,4032,3024
Black Rot,1040,1027,1197,1241,200_Black Rot(39).jpg,4032,3024
Black Rot,693,510,668,309,200_Black Rot(39).jpg,4032,3024
Black Rot,2022,819,939,221,200_Black Rot(39).jpg,4032,3024
Black Rot,1061,3493,1043,388,201_Black Rot(4).jpeg,2996,3881
Black Rot,1676,1253,978,1100,201_Black Rot(4).jpeg,2996,3881
Black Rot,1255,1415,372,429,201_Black Rot(4).jpeg,2996,3881
Black Rot,1328,2361,1205,1075,201_Black Rot(4).jpeg,2996,3881
Black Rot,1821,598,631,404,201_Black Rot(4).jpeg,2996,3881
Black Rot,948,2757,445,477,201_Black Rot(4).jpeg,2996,3881
Black Rot,0,1222,372,479,202_Black Rot(4).jpg,4032,3024
Black Rot,2558,1222,554,529,202_Black Rot(4).jpg,4032,3024
Black Rot,0,1695,977,945,202_Black Rot(4).jpg,4032,3024
Black Rot,1260,290,662,441,203_Black Rot(40).jpg,4032,3024
Black Rot,2564,712,1058,353,203_Black Rot(40).jpg,4032,3024
Black Rot,1720,945,1348,1292,203_Black Rot(40).jpg,4032,3024
Black Rot,63,1159,491,838,203_Black Rot(40).jpg,4032,3024
Black Rot,3742,1859,290,542,203_Black Rot(40).jpg,4032,3024
Black Rot,0,2388,384,548,203_Black Rot(40).jpg,4032,3024
Black Rot,1361,2092,1235,1428,204_Black Rot(41).jpeg,3024,4032
Black Rot,916,3553,1218,437,204_Black Rot(41).jpeg,3024,4032
Black Rot,882,2772,487,496,204_Black Rot(41).jpeg,3024,4032
Black Rot,1772,479,655,554,204_Black Rot(41).jpeg,3024,4032
Black Rot,1294,1235,1243,874,204_Black Rot(41).jpeg,3024,4032
Black Rot,777,1099,702,809,205_Black Rot(42).jpeg,3004,3662
Black Rot,1586,1244,847,1015,205_Black Rot(42).jpeg,3004,3662
Black Rot,1586,572,816,465,205_Black Rot(42).jpeg,3004,3662
Black Rot,724,2762,595,870,205_Black Rot(42).jpeg,3004,3662
Black Rot,1273,2235,923,1427,205_Black Rot(42).jpeg,3004,3662
Black Rot,1166,0,572,1282,206_Black Rot(43).jpeg,3004,3662
Black Rot,1723,0,404,847,206_Black Rot(43).jpeg,3004,3662
Black Rot,747,2678,793,412,206_Black Rot(43).jpeg,3004,3662
Black Rot,388,1060,1442,1327,206_Black Rot(43).jpeg,3004,3662
Black Rot,714,1226,832,731,207_Black Rot(44).jpeg,3024,4032
Black Rot,1705,622,722,395,207_Black Rot(44).jpeg,3024,4032
Black Rot,1630,1235,1067,1369,207_Black Rot(44).jpeg,3024,4032
Black Rot,865,2755,563,1218,207_Black Rot(44).jpeg,3024,4032
Black Rot,1294,2436,756,1478,207_Black Rot(44).jpeg,3024,4032
Black Rot,1504,966,890,1159,208_Black Rot(45).jpeg,3024,4032
Black Rot,882,731,630,1411,208_Black Rot(45).jpeg,3024,4032
Black Rot,420,647,336,420,208_Black Rot(45).jpeg,3024,4032
Black Rot,1294,2176,689,521,208_Black Rot(45).jpeg,3024,4032
Black Rot,974,1512,823,428,209_Black Rot(46).jpeg,3024,4032
Black Rot,479,1924,907,1336,209_Black Rot(46).jpeg,3024,4032
Black Rot,1386,1957,764,1613,209_Black Rot(46).jpeg,3024,4032
Black Rot,334,1625,1348,706,210_Black Rot(47).jpeg,4032,3024
Black Rot,510,706,1102,926,210_Black Rot(47).jpeg,4032,3024
Black Rot,1688,1147,473,662,210_Black Rot(47).jpeg,4032,3024
Black Rot,1058,1663,781,487,211_Black Rot(48).jpeg,3024,4032
Black Rot,571,277,857,1386,211_Black Rot(48).jpeg,3024,4032
Black Rot,1445,672,932,958,211_Black Rot(48).jpeg,3024,4032
Black Rot,689,210,748,1462,212_Black Rot(49).jpeg,3024,4032
Black Rot,1411,680,899,932,212_Black Rot(49).jpeg,3024,4032
Black Rot,143,168,412,437,212_Black Rot(49).jpeg,3024,4032
Black Rot,1210,1705,638,428,212_Black Rot(49).jpeg,3024,4032
Black Rot,1377,2401,655,1439,213_Black Rot(5).jpeg,2996,3881
Black Rot,795,2798,590,1051,213_Black Rot(5).jpeg,2996,3881
Black Rot,1724,1261,922,1318,213_Black Rot(5).jpeg,2996,3881
Black Rot,900,1172,703,655,213_Black Rot(5).jpeg,2996,3881
Black Rot,1732,590,703,453,213_Black Rot(5).jpeg,2996,3881
Black Rot,1455,1392,989,806,214_Black Rot(5).jpg,4032,3024
Black Rot,1065,479,315,258,214_Black Rot(5).jpg,4032,3024
Black Rot,0,1625,523,1027,214_Black Rot(5).jpg,4032,3024
Black Rot,378,1386,1067,1470,215_Black Rot(50).jpeg,3024,4032
Black Rot,412,3041,1025,445,215_Black Rot(50).jpeg,3024,4032
Black Rot,907,546,1268,1000,215_Black Rot(50).jpeg,3024,4032
Black Rot,974,118,1033,529,215_Black Rot(50).jpeg,3024,4032
Black Rot,1411,2226,512,428,215_Black Rot(50).jpeg,3024,4032
Black Rot,2626,1439,444,870,216_Black Rot(51).jpeg,3662,3004
Black Rot,0,951,273,995,216_Black Rot(51).jpeg,3662,3004
Black Rot,1556,1577,876,720,216_Black Rot(51).jpeg,3662,3004
Black Rot,448,882,413,357,216_Black Rot(51).jpeg,3662,3004
Black Rot,1850,782,601,688,216_Black Rot(51).jpeg,3662,3004
Black Rot,748,1239,757,1208,216_Black Rot(51).jpeg,3662,3004
Black Rot,989,718,1153,750,217_Black Rot(52).jpeg,4032,3024
Black Rot,674,2306,428,277,217_Black Rot(52).jpeg,4032,3024
Black Rot,2142,1279,472,378,217_Black Rot(52).jpeg,4032,3024
Black Rot,636,1487,1544,662,217_Black Rot(52).jpeg,4032,3024
Black Rot,218,563,983,1672,218_Black Rot(53).jpeg,3024,4032
Black Rot,630,3041,638,412,218_Black Rot(53).jpeg,3024,4032
Black Rot,1176,781,890,790,218_Black Rot(53).jpeg,3024,4032
Black Rot,974,76,1117,412,218_Black Rot(53).jpeg,3024,4032
Black Rot,470,2251,1352,554,218_Black Rot(53).jpeg,3024,4032
Black Rot,538,1898,1193,840,219_Black Rot(54).jpeg,3024,4032
Black Rot,546,2990,706,496,219_Black Rot(54).jpeg,3024,4032
Black Rot,403,672,1672,1235,219_Black Rot(54).jpeg,3024,4032
Black Rot,865,92,1243,563,219_Black Rot(54).jpeg,3024,4032
Black Rot,739,2327,899,1016,220_Black Rot(55).jpeg,3024,4032
Black Rot,1588,2377,739,1352,220_Black Rot(55).jpeg,3024,4032
Black Rot,2486,3419,412,437,220_Black Rot(55).jpeg,3024,4032
Black Rot,1210,1848,622,504,220_Black Rot(55).jpeg,3024,4032
Black Rot,680,2218,517,504,221_Black Rot(56).jpeg,4032,3024
Black Rot,2180,1172,397,605,221_Black Rot(56).jpeg,4032,3024
Black Rot,731,1487,1411,655,221_Black Rot(56).jpeg,4032,3024
Black Rot,1128,668,995,806,221_Black Rot(56).jpeg,4032,3024
Black Rot,2369,725,1342,674,222_Black Rot(57).jpeg,4032,3024
Black Rot,1802,1159,586,592,222_Black Rot(57).jpeg,4032,3024
Black Rot,2388,1392,958,964,222_Black Rot(57).jpeg,4032,3024
Black Rot,622,1798,874,1117,223_Black Rot(58).jpeg,3024,4032
Black Rot,2268,2890,395,470,223_Black Rot(58).jpeg,3024,4032
Black Rot,1462,1890,790,1436,223_Black Rot(58).jpeg,3024,4032
Black Rot,1235,1361,470,521,223_Black Rot(58).jpeg,3024,4032
Black Rot,662,668,1027,939,224_Black Rot(59).jpeg,4032,3024
Black Rot,328,1625,1310,649,224_Black Rot(59).jpeg,4032,3024
Black Rot,1651,1222,599,586,224_Black Rot(59).jpeg,4032,3024
Black Rot,981,1172,614,695,225_Black Rot(6).jpeg,2996,3881
Black Rot,1344,2442,728,1439,225_Black Rot(6).jpeg,2996,3881
Black Rot,827,2620,542,1261,225_Black Rot(6).jpeg,2996,3881
Black Rot,1716,1164,914,1528,225_Black Rot(6).jpeg,2996,3881
Black Rot,1936,1963,311,522,226_Black Rot(60).jpeg,4032,3024
Black Rot,2522,1705,258,387,226_Black Rot(60).jpeg,4032,3024
Black Rot,2311,1289,205,264,226_Black Rot(60).jpeg,4032,3024
Black Rot,810,1008,404,311,226_Black Rot(60).jpeg,4032,3024
Black Rot,1109,1365,428,492,226_Black Rot(60).jpeg,4032,3024
Black Rot,2270,2016,287,334,226_Black Rot(60).jpeg,4032,3024
Black Rot,1742,2174,188,240,226_Black Rot(60).jpeg,4032,3024
Black Rot,605,1814,874,1067,227_Black Rot(7).jpeg,3024,4032
Black Rot,1470,1865,697,1352,227_Black Rot(7).jpeg,3024,4032
Black Rot,2276,2948,336,395,227_Black Rot(7).jpeg,3024,4032
Black Rot,1159,1394,588,437,227_Black Rot(7).jpeg,3024,4032
Black Rot,435,586,1203,630,228_Black Rot(7).jpg,4032,3024
Black Rot,1002,1304,1430,1134,228_Black Rot(7).jpg,4032,3024
Black Rot,1478,1126,890,1008,229_Black Rot(8).jpeg,3024,4032
Black Rot,294,706,512,370,229_Black Rot(8).jpeg,3024,4032
Black Rot,899,664,622,1504,229_Black Rot(8).jpeg,3024,4032
Black Rot,1294,2176,613,479,229_Black Rot(8).jpeg,3024,4032
Black Rot,498,611,995,680,230_Black Rot(8).jpg,4032,3024
Black Rot,869,1518,1411,932,230_Black Rot(8).jpg,4032,3024
Black Rot,2381,699,1323,699,231_Black Rot(9).jpeg,4032,3024
Black Rot,2400,1386,951,901,231_Black Rot(9).jpeg,4032,3024
Black Rot,3289,189,655,328,231_Black Rot(9).jpeg,4032,3024
Black Rot,1764,1254,592,466,231_Black Rot(9).jpeg,4032,3024
Black Rot,1109,1625,1411,1361,232_Black Rot(9).jpg,4032,3024
Black Rot,410,958,1216,750,232_Black Rot(9).jpg,4032,3024
Black Rot,3062,491,384,252,232_Black Rot(9).jpg,4032,3024
Downey Mildew,31,30,192,135,233_Downy Mildew. (1).jpeg,335,250
Downey Mildew,46,6,167,26,233_Downy Mildew. (1).jpeg,335,250
Downey Mildew,225,29,99,165,233_Downy Mildew. (1).jpeg,335,250
Downey Mildew,6,12,1091,163,234_Downy Mildew. (1).jpg,3529,1852
Downey Mildew,20,1387,1255,465,234_Downy Mildew. (1).jpg,3529,1852
Downey Mildew,2985,528,329,255,234_Downy Mildew. (1).jpg,3529,1852
Downey Mildew,9,221,1624,1131,234_Downy Mildew. (1).jpg,3529,1852
Downey Mildew,2157,279,719,381,234_Downy Mildew. (1).jpg,3529,1852
Downey Mildew,1667,310,1194,793,234_Downy Mildew. (1).jpg,3529,1852
Downey Mildew,3331,213,198,335,234_Downy Mildew. (1).jpg,3529,1852
Downey Mildew,1684,1198,112,92,234_Downy Mildew. (1).jpg,3529,1852
Downey Mildew,1146,15,2214,155,234_Downy Mildew. (1).jpg,3529,1852
Downey Mildew,1309,1390,186,103,234_Downy Mildew. (1).jpg,3529,1852
Downey Mildew,944,1317,469,454,235_Downy Mildew. (10).jpeg,2807,4032
Downey Mildew,26,2011,1008,2021,235_Downy Mildew. (10).jpeg,2807,4032
Downey Mildew,1344,3094,1442,938,235_Downy Mildew. (10).jpeg,2807,4032
Downey Mildew,1199,509,1243,1372,235_Downy Mildew. (10).jpeg,2807,4032
Downey Mildew,740,1652,2061,1317,235_Downy Mildew. (10).jpeg,2807,4032
Downey Mildew,40,119,3960,2473,236_Downy Mildew. (10).jpg,4000,3000
Downey Mildew,312,1114,2688,2361,237_Downy Mildew. (101).jpg,3000,4000
Downey Mildew,1054,3515,673,188,237_Downy Mildew. (101).jpg,3000,4000
Downey Mildew,178,3673,1510,327,237_Downy Mildew. (101).jpg,3000,4000
Downey Mildew,0,2639,342,901,237_Downy Mildew. (101).jpg,3000,4000
Downey Mildew,401,1545,2010,2020,238_Downy Mildew. (102).jpg,3000,4000
Downey Mildew,604,2183,783,817,239_Downy Mildew. (103).jpg,4000,3000
Downey Mildew,351,457,3550,1686,239_Downy Mildew. (103).jpg,4000,3000
Downey Mildew,366,2220,850,772,240_Downy Mildew. (104).jpg,4000,3000
Downey Mildew,307,509,3278,1671,240_Downy Mildew. (104).jpg,4000,3000
Downey Mildew,88,308,3371,1337,241_Downy Mildew. (105).jpg,4000,3000
Downey Mildew,21,1652,3979,1021,241_Downy Mildew. (105).jpg,4000,3000
Downey Mildew,3500,702,500,1021,241_Downy Mildew. (105).jpg,4000,3000
Downey Mildew,860,22,2748,338,241_Downy Mildew. (105).jpg,4000,3000
Downey Mildew,0,0,3741,2870,242_Downy Mildew. (106).jpg,4000,3000
Downey Mildew,432,271,2395,2279,243_Downy Mildew. (108).jpg,3000,4000
Downey Mildew,401,2426,1450,1318,243_Downy Mildew. (108).jpg,3000,4000
Downey Mildew,446,15,2545,2629,244_Downy Mildew. (109).jpg,3000,4000
Downey Mildew,886,2644,2114,1356,244_Downy Mildew. (109).jpg,3000,4000
Downey Mildew,5,500,856,3495,244_Downy Mildew. (109).jpg,3000,4000
Downey Mildew,347,1753,1582,2085,245_Downy Mildew. (11).jpeg,2642,3838
Downey Mildew,1093,195,1549,2318,245_Downy Mildew. (11).jpeg,2642,3838
Downey Mildew,0,722,894,2356,245_Downy Mildew. (11).jpeg,2642,3838
Downey Mildew,780,347,532,233,245_Downy Mildew. (11).jpeg,2642,3838
Downey Mildew,10,301,3990,2387,246_Downy Mildew. (11).jpg,4000,3000
Downey Mildew,1287,2842,1431,955,247_Downy Mildew. (110).jpg,3000,4000
Downey Mildew,20,2317,653,327,247_Downy Mildew. (110).jpg,3000,4000
Downey Mildew,84,10,2916,1866,247_Downy Mildew. (110).jpg,3000,4000
Downey Mildew,411,64,2589,2351,248_Downy Mildew. (111).jpg,3000,4000
Downey Mildew,30,1970,2946,1990,248_Downy Mildew. (111).jpg,3000,4000
Downey Mildew,257,59,2718,1411,249_Downy Mildew. (112).jpg,3000,4000
Downey Mildew,0,1817,153,847,249_Downy Mildew. (112).jpg,3000,4000
Downey Mildew,881,1515,1985,2163,249_Downy Mildew. (112).jpg,3000,4000
Downey Mildew,626,4,3360,2432,250_Downy Mildew. (114).jpg,4000,3000
Downey Mildew,2,1879,1533,1121,251_Downy Mildew. (115).jpg,4000,3000
Downey Mildew,144,275,1032,1931,251_Downy Mildew. (115).jpg,4000,3000
Downey Mildew,3433,100,516,501,251_Downy Mildew. (115).jpg,4000,3000
Downey Mildew,3585,698,415,1964,251_Downy Mildew. (115).jpg,4000,3000
Downey Mildew,0,703,604,1530,252_Downy Mildew. (117).jpg,3000,4000
Downey Mildew,213,173,1450,351,252_Downy Mildew. (117).jpg,3000,4000
Downey Mildew,1851,436,1149,465,252_Downy Mildew. (117).jpg,3000,4000
Downey Mildew,134,2322,2866,762,252_Downy Mildew. (117).jpg,3000,4000
Downey Mildew,1119,1391,1881,1074,252_Downy Mildew. (117).jpg,3000,4000
Downey Mildew,1337,3005,1545,871,252_Downy Mildew. (117).jpg,3000,4000
Downey Mildew,21,54,392,232,253_Downy Mildew. (118).jpg,504,339
Downey Mildew,47,41,3806,2777,254_Downy Mildew. (12).jpeg,4032,3024
Downey Mildew,184,63,3798,2729,255_Downy Mildew. (12).jpg,4000,3000
Downey Mildew,333,3,108,167,256_Downy Mildew. (120).jpg,504,339
Downey Mildew,23,50,329,194,256_Downy Mildew. (120).jpg,504,339
Downey Mildew,461,2,439,527,257_Downy Mildew. (121).jpg,900,619
Downey Mildew,233,119,200,331,257_Downy Mildew. (121).jpg,900,619
Downey Mildew,1,270,179,308,257_Downy Mildew. (121).jpg,900,619
Downey Mildew,77,93,133,95,257_Downy Mildew. (121).jpg,900,619
Downey Mildew,188,2,191,84,257_Downy Mildew. (121).jpg,900,619
Downey Mildew,219,446,139,146,257_Downy Mildew. (121).jpg,900,619
Downey Mildew,7,0,505,350,258_Downy Mildew. (122).jpg,750,350
Downey Mildew,522,0,228,272,258_Downy Mildew. (122).jpg,750,350
Downey Mildew,2,0,1138,635,259_Downy Mildew. (123).jpg,1140,641
Downey Mildew,5,1,160,155,260_Downy Mildew. (124).jpg,768,512
Downey Mildew,173,3,248,360,260_Downy Mildew. (124).jpg,768,512
Downey Mildew,409,2,356,482,260_Downy Mildew. (124).jpg,768,512
Downey Mildew,60,163,107,153,260_Downy Mildew. (124).jpg,768,512
Downey Mildew,21,23,593,94,261_Downy Mildew. (125).jpg,777,531
Downey Mildew,639,191,138,308,261_Downy Mildew. (125).jpg,777,531
Downey Mildew,1,120,611,405,261_Downy Mildew. (125).jpg,777,531
Downey Mildew,611,120,23,381,261_Downy Mildew. (125).jpg,777,531
Downey Mildew,237,25,405,59,262_Downy Mildew. (126).jpg,779,523
Downey Mildew,85,85,616,106,262_Downy Mildew. (126).jpg,779,523
Downey Mildew,6,485,592,38,262_Downy Mildew. (126).jpg,779,523
Downey Mildew,703,122,55,67,262_Downy Mildew. (126).jpg,779,523
Downey Mildew,8,194,769,285,262_Downy Mildew. (126).jpg,779,523
Downey Mildew,299,354,262,50,263_Downy Mildew. (127).jpg,697,558
Downey Mildew,182,387,372,114,263_Downy Mildew. (127).jpg,697,558
Downey Mildew,126,329,94,95,263_Downy Mildew. (127).jpg,697,558
Downey Mildew,203,11,455,350,263_Downy Mildew. (127).jpg,697,558
Downey Mildew,108,227,110,76,263_Downy Mildew. (127).jpg,697,558
Downey Mildew,593,10,401,107,264_Downy Mildew. (129).jpg,1103,768
Downey Mildew,6,317,175,284,264_Downy Mildew. (129).jpg,1103,768
Downey Mildew,4,90,91,126,264_Downy Mildew. (129).jpg,1103,768
Downey Mildew,159,94,940,640,264_Downy Mildew. (129).jpg,1103,768
Downey Mildew,1659,784,1934,974,265_Downy Mildew. (13).jpeg,3855,3016
Downey Mildew,2797,246,866,504,265_Downy Mildew. (13).jpeg,3855,3016
Downey Mildew,46,642,1445,679,265_Downy Mildew. (13).jpeg,3855,3016
Downey Mildew,2207,1926,1648,873,265_Downy Mildew. (13).jpeg,3855,3016
Downey Mildew,2230,482,500,299,265_Downy Mildew. (13).jpeg,3855,3016
Downey Mildew,84,1347,2034,1105,265_Downy Mildew. (13).jpeg,3855,3016
Downey Mildew,1006,11,1153,713,265_Downy Mildew. (13).jpeg,3855,3016
Downey Mildew,20,19,709,616,265_Downy Mildew. (13).jpeg,3855,3016
Downey Mildew,218,427,3782,2295,266_Downy Mildew. (13).jpg,4000,3000
Downey Mildew,3136,56,665,434,266_Downy Mildew. (13).jpg,4000,3000
Downey Mildew,84,283,261,241,267_Downy Mildew. (130).jpg,768,576
Downey Mildew,334,158,242,188,267_Downy Mildew. (130).jpg,768,576
Downey Mildew,110,26,385,47,268_Downy Mildew. (131).jpg,768,576
Downey Mildew,125,533,356,43,268_Downy Mildew. (131).jpg,768,576
Downey Mildew,49,76,719,449,268_Downy Mildew. (131).jpg,768,576
Downey Mildew,204,38,564,508,269_Downy Mildew. (132).jpg,768,576
Downey Mildew,39,242,190,334,269_Downy Mildew. (132).jpg,768,576
Downey Mildew,152,205,66,38,269_Downy Mildew. (132).jpg,768,576
Downey Mildew,281,537,58,39,269_Downy Mildew. (132).jpg,768,576
Downey Mildew,83,175,381,304,270_Downy Mildew. (133).jpg,768,576
Downey Mildew,301,31,324,180,270_Downy Mildew. (133).jpg,768,576
Downey Mildew,147,494,327,82,270_Downy Mildew. (133).jpg,768,576
Downey Mildew,588,371,110,165,270_Downy Mildew. (133).jpg,768,576
Downey Mildew,652,213,116,317,271_Downy Mildew. (134).jpg,768,576
Downey Mildew,142,463,190,68,271_Downy Mildew. (134).jpg,768,576
Downey Mildew,45,262,304,190,271_Downy Mildew. (134).jpg,768,576
Downey Mildew,355,293,268,254,271_Downy Mildew. (134).jpg,768,576
Downey Mildew,383,110,78,79,271_Downy Mildew. (134).jpg,768,576
Downey Mildew,163,149,451,138,271_Downy Mildew. (134).jpg,768,576
Downey Mildew,76,271,98,177,272_Downy Mildew. (136).jpg,768,576
Downey Mildew,169,114,594,429,272_Downy Mildew. (136).jpg,768,576
Downey Mildew,21,59,201,274,273_Downy Mildew. (137).jpg,450,415
Downey Mildew,220,23,218,303,273_Downy Mildew. (137).jpg,450,415
Downey Mildew,76,238,529,249,274_Downy Mildew. (138).jpg,781,519
Downey Mildew,462,81,222,166,274_Downy Mildew. (138).jpg,781,519
Downey Mildew,655,407,126,95,274_Downy Mildew. (138).jpg,781,519
Downey Mildew,195,221,117,225,275_Downy Mildew. (139).jpg,1532,956
Downey Mildew,286,93,1015,831,275_Downy Mildew. (139).jpg,1532,956
Downey Mildew,26,451,287,501,275_Downy Mildew. (139).jpg,1532,956
Downey Mildew,65,1961,2340,1991,276_Downy Mildew. (14).jpeg,3024,4032
Downey Mildew,299,564,1826,1447,276_Downy Mildew. (14).jpeg,3024,4032
Downey Mildew,2116,75,833,1687,276_Downy Mildew. (14).jpeg,3024,4032
Downey Mildew,1718,1649,589,1550,277_Downy Mildew. (14).jpg,3000,4000
Downey Mildew,832,599,1297,1069,277_Downy Mildew. (14).jpg,3000,4000
Downey Mildew,1837,30,807,1386,277_Downy Mildew. (14).jpg,3000,4000
Downey Mildew,421,1302,653,847,277_Downy Mildew. (14).jpg,3000,4000
Downey Mildew,30,3302,1748,698,277_Downy Mildew. (14).jpg,3000,4000
Downey Mildew,119,1936,1252,1312,277_Downy Mildew. (14).jpg,3000,4000
Downey Mildew,1431,2153,213,525,277_Downy Mildew. (14).jpg,3000,4000
Downey Mildew,477,12,291,250,278_Downy Mildew. (140).jpg,768,576
Downey Mildew,508,277,36,44,278_Downy Mildew. (140).jpg,768,576
Downey Mildew,106,32,346,257,278_Downy Mildew. (140).jpg,768,576
Downey Mildew,301,320,425,221,278_Downy Mildew. (140).jpg,768,576
Downey Mildew,0,459,308,474,279_Downy Mildew. (141).jpg,1532,956
Downey Mildew,292,94,995,822,279_Downy Mildew. (141).jpg,1532,956
Downey Mildew,196,201,158,293,279_Downy Mildew. (141).jpg,1532,956
Downey Mildew,0,293,208,346,280_Downy Mildew. (142).jpg,1103,768
Downey Mildew,225,39,857,721,280_Downy Mildew. (142).jpg,1103,768
Downey Mildew,29,124,174,268,281_Downy Mildew. (144).jpg,768,512
Downey Mildew,207,124,561,298,281_Downy Mildew. (144).jpg,768,512
Downey Mildew,398,415,370,76,281_Downy Mildew. (144).jpg,768,512
Downey Mildew,2,0,766,118,281_Downy Mildew. (144).jpg,768,512
Downey Mildew,79,3,283,217,282_Downy Mildew. (145).jpg,777,513
Downey Mildew,608,291,126,111,282_Downy Mildew. (145).jpg,777,513
Downey Mildew,298,469,44,44,282_Downy Mildew. (145).jpg,777,513
Downey Mildew,383,17,205,218,282_Downy Mildew. (145).jpg,777,513
Downey Mildew,327,332,78,63,282_Downy Mildew. (145).jpg,777,513
Downey Mildew,674,404,36,60,282_Downy Mildew. (145).jpg,777,513
Downey Mildew,29,311,172,202,282_Downy Mildew. (145).jpg,777,513
Downey Mildew,683,1847,332,426,283_Downy Mildew. (15).jpg,3000,4000
Downey Mildew,901,767,401,3020,283_Downy Mildew. (15).jpg,3000,4000
Downey Mildew,1188,20,1812,3337,283_Downy Mildew. (15).jpg,3000,4000
Downey Mildew,554,2213,594,1787,283_Downy Mildew. (15).jpg,3000,4000
Downey Mildew,313,273,3638,2216,284_Downy Mildew. (16).jpeg,4032,3024
Downey Mildew,0,659,201,906,284_Downy Mildew. (16).jpeg,4032,3024
Downey Mildew,381,15,2550,3985,285_Downy Mildew. (16).jpg,3000,4000
Downey Mildew,0,247,4032,2508,286_Downy Mildew. (17).jpeg,4032,3024
Downey Mildew,1450,20,1550,3980,287_Downy Mildew. (17).jpg,3000,4000
Downey Mildew,15,728,1446,3272,287_Downy Mildew. (17).jpg,3000,4000
Downey Mildew,36,681,3593,2126,288_Downy Mildew. (18).jpeg,4032,3024
Downey Mildew,1357,382,1400,408,288_Downy Mildew. (18).jpeg,4032,3024
Downey Mildew,2,401,3921,1749,289_Downy Mildew. (18).jpg,4000,3000
Downey Mildew,2,2205,2027,754,289_Downy Mildew. (18).jpg,4000,3000
Downey Mildew,9,340,3397,2140,290_Downy Mildew. (19).jpeg,3416,3023
Downey Mildew,359,182,1351,256,291_Downy Mildew. (19).jpg,4000,3000
Downey Mildew,819,1530,2439,783,291_Downy Mildew. (19).jpg,4000,3000
Downey Mildew,47,1804,2762,1196,291_Downy Mildew. (19).jpg,4000,3000
Downey Mildew,2,342,3988,1329,291_Downy Mildew. (19).jpg,4000,3000
Downey Mildew,720,2381,1131,1175,292_Downy Mildew. (2).jpg,2646,3556
Downey Mildew,7,18,2639,2324,292_Downy Mildew. (2).jpg,2646,3556
Downey Mildew,882,9,1686,3652,293_Downy Mildew. (20).jpeg,2951,3661
Downey Mildew,284,1495,639,2166,293_Downy Mildew. (20).jpeg,2951,3661
Downey Mildew,687,553,372,1047,293_Downy Mildew. (20).jpeg,2951,3661
Downey Mildew,58,17,2434,3467,294_Downy Mildew. (20).jpg,2728,3506
Downey Mildew,45,20,2866,3980,295_Downy Mildew. (21).jpg,3000,4000
Downey Mildew,41,212,2180,3653,296_Downy Mildew. (22).jpeg,2221,3983
Downey Mildew,906,0,2094,663,297_Downy Mildew. (22).jpg,3000,4000
Downey Mildew,0,604,2970,3371,297_Downy Mildew. (22).jpg,3000,4000
Downey Mildew,70,65,2415,3852,298_Downy Mildew. (23).jpeg,2485,4032
Downey Mildew,163,30,2837,3970,299_Downy Mildew. (23).jpg,3000,4000
Downey Mildew,46,164,2336,3621,300_Downy Mildew. (24).jpeg,2382,4024
Downey Mildew,20,124,2980,3475,301_Downy Mildew. (24).jpg,3000,4000
Downey Mildew,18,5,2429,3943,302_Downy Mildew. (25).jpeg,2447,3958
Downey Mildew,327,74,2673,3678,303_Downy Mildew. (25).jpg,3000,4000
Downey Mildew,20,2490,257,550,303_Downy Mildew. (25).jpg,3000,4000
Downey Mildew,6,20,2465,3972,304_Downy Mildew. (26).jpeg,2577,4032
Downey Mildew,897,48,3103,2933,305_Downy Mildew. (26).jpg,4000,3000
Downey Mildew,62,538,943,2179,305_Downy Mildew. (26).jpg,4000,3000
Downey Mildew,109,45,2812,3946,306_Downy Mildew. (27).jpg,3000,4000
Downey Mildew,336,28,2136,3730,307_Downy Mildew. (28).jpeg,2501,3810
Downey Mildew,2731,1545,1269,1170,308_Downy Mildew. (28).jpg,4000,3000
Downey Mildew,2297,394,1703,512,308_Downy Mildew. (28).jpg,4000,3000
Downey Mildew,719,884,3281,698,308_Downy Mildew. (28).jpg,4000,3000
Downey Mildew,381,1493,2313,546,308_Downy Mildew. (28).jpg,4000,3000
Downey Mildew,9,2488,1172,1456,309_Downy Mildew. (29).jpeg,2142,4028
Downey Mildew,1091,194,1051,3834,309_Downy Mildew. (29).jpeg,2142,4028
Downey Mildew,533,1072,623,1461,309_Downy Mildew. (29).jpeg,2142,4028
Downey Mildew,1877,668,2123,304,310_Downy Mildew. (29).jpg,4000,3000
Downey Mildew,3114,397,886,256,310_Downy Mildew. (29).jpg,4000,3000
Downey Mildew,277,1441,2744,557,310_Downy Mildew. (29).jpg,4000,3000
Downey Mildew,3062,1819,938,843,310_Downy Mildew. (29).jpg,4000,3000
Downey Mildew,1302,1014,2698,717,310_Downy Mildew. (29).jpg,4000,3000
Downey Mildew,961,135,1781,1871,311_Downy Mildew. (3).jpeg,4032,3024
Downey Mildew,3135,861,771,1868,311_Downy Mildew. (3).jpeg,4032,3024
Downey Mildew,1597,2107,1508,917,311_Downy Mildew. (3).jpeg,4032,3024
Downey Mildew,1713,1203,673,678,312_Downy Mildew. (3).jpg,3000,4000
Downey Mildew,20,1366,683,366,312_Downy Mildew. (3).jpg,3000,4000
Downey Mildew,797,1386,1114,2089,312_Downy Mildew. (3).jpg,3000,4000
Downey Mildew,950,1178,475,505,312_Downy Mildew. (3).jpg,3000,4000
Downey Mildew,10,0,2896,1322,312_Downy Mildew. (3).jpg,3000,4000
Downey Mildew,1068,9,1146,1764,313_Downy Mildew. (30).jpeg,2353,3811
Downey Mildew,875,3151,1478,594,313_Downy Mildew. (30).jpeg,2353,3811
Downey Mildew,82,2646,741,976,313_Downy Mildew. (30).jpeg,2353,3811
Downey Mildew,611,1127,1514,2179,313_Downy Mildew. (30).jpeg,2353,3811
Downey Mildew,10,30,2990,3970,314_Downy Mildew. (30).jpg,3000,4000
Downey Mildew,294,2650,434,749,315_Downy Mildew. (31).jpeg,3024,4032
Downey Mildew,1262,15,1277,3573,315_Downy Mildew. (31).jpeg,3024,4032
Downey Mildew,1098,3628,803,404,315_Downy Mildew. (31).jpeg,3024,4032
Downey Mildew,649,783,833,2735,315_Downy Mildew. (31).jpeg,3024,4032
Downey Mildew,545,2421,2059,1158,316_Downy Mildew. (32).jpg,3000,4000
Downey Mildew,94,40,574,599,316_Downy Mildew. (32).jpg,3000,4000
Downey Mildew,1104,149,1554,1416,316_Downy Mildew. (32).jpg,3000,4000
Downey Mildew,767,1307,1277,1035,316_Downy Mildew. (32).jpg,3000,4000
Downey Mildew,153,3134,297,569,316_Downy Mildew. (32).jpg,3000,4000
Downey Mildew,282,2119,2540,1569,317_Downy Mildew. (33).jpg,3000,4000
Downey Mildew,762,99,2099,2134,317_Downy Mildew. (33).jpg,3000,4000
Downey Mildew,1376,0,1624,411,318_Downy Mildew. (34).jpg,3000,4000
Downey Mildew,134,356,2866,3599,318_Downy Mildew. (34).jpg,3000,4000
Downey Mildew,36,1103,3806,1897,319_Downy Mildew. (35).jpg,4000,3000
Downey Mildew,3623,145,377,954,319_Downy Mildew. (35).jpg,4000,3000
Downey Mildew,69,26,1756,1155,319_Downy Mildew. (35).jpg,4000,3000
Downey Mildew,1119,104,1881,3817,320_Downy Mildew. (36).jpg,3000,4000
Downey Mildew,0,2139,1391,1792,320_Downy Mildew. (36).jpg,3000,4000
Downey Mildew,537,806,2042,1842,321_Downy Mildew. (38).jpg,4000,3000
Downey Mildew,2657,1708,1084,442,321_Downy Mildew. (38).jpg,4000,3000
Downey Mildew,700,2569,1660,431,321_Downy Mildew. (38).jpg,4000,3000
Downey Mildew,1283,7,2717,1545,321_Downy Mildew. (38).jpg,4000,3000
Downey Mildew,3345,520,371,543,322_Downy Mildew. (4).jpeg,4032,3024
Downey Mildew,1223,1183,2809,1265,322_Downy Mildew. (4).jpeg,4032,3024
Downey Mildew,1597,659,1834,520,322_Downy Mildew. (4).jpeg,4032,3024
Downey Mildew,2177,210,958,472,322_Downy Mildew. (4).jpeg,4032,3024
Downey Mildew,1035,1636,528,988,322_Downy Mildew. (4).jpeg,4032,3024
Downey Mildew,10,360,3405,1819,323_Downy Mildew. (4).jpg,4000,3000
Downey Mildew,906,2277,1168,1045,324_Downy Mildew. (40).jpg,3000,4000
Downey Mildew,1312,20,1624,3045,324_Downy Mildew. (40).jpg,3000,4000
Downey Mildew,1569,3124,1431,876,324_Downy Mildew. (40).jpg,3000,4000
Downey Mildew,604,614,946,921,324_Downy Mildew. (40).jpg,3000,4000
Downey Mildew,688,5,2163,3995,325_Downy Mildew. (41).jpg,3000,4000
Downey Mildew,663,0,1881,4000,326_Downy Mildew. (42).jpg,3000,4000
Downey Mildew,594,10,2035,3990,327_Downy Mildew. (43).jpg,3000,4000
Downey Mildew,594,10,2035,3990,328_Downy Mildew. (44).jpg,3000,4000
Downey Mildew,1172,7,2828,2978,329_Downy Mildew. (45).jpg,4000,3000
Downey Mildew,700,256,627,2488,329_Downy Mildew. (45).jpg,4000,3000
Downey Mildew,537,297,390,524,329_Downy Mildew. (45).jpg,4000,3000
Downey Mildew,1328,0,2265,152,330_Downy Mildew. (46).jpg,4000,3000
Downey Mildew,771,1879,3019,902,330_Downy Mildew. (46).jpg,4000,3000
Downey Mildew,77,160,3899,1155,330_Downy Mildew. (46).jpg,4000,3000
Downey Mildew,244,1177,3564,735,330_Downy Mildew. (46).jpg,4000,3000
Downey Mildew,10,984,3990,2001,331_Downy Mildew. (47).jpg,4000,3000
Downey Mildew,0,0,1916,4000,332_Downy Mildew. (48).jpg,3000,4000
Downey Mildew,2050,327,950,1188,332_Downy Mildew. (48).jpg,3000,4000
Downey Mildew,1210,232,2160,1214,333_Downy Mildew. (5).jpeg,3482,3019
Downey Mildew,1487,1640,1719,1203,333_Downy Mildew. (5).jpeg,3482,3019
Downey Mildew,3251,1532,231,497,333_Downy Mildew. (5).jpeg,3482,3019
Downey Mildew,2320,1394,250,295,333_Downy Mildew. (5).jpeg,3482,3019
Downey Mildew,669,534,1282,1069,333_Downy Mildew. (5).jpeg,3482,3019
Downey Mildew,12,4,1883,3296,334_Downy Mildew. (5).jpg,1895,3300
Downey Mildew,17,15,2332,2554,335_Downy Mildew. (50).jpg,4000,3000
Downey Mildew,2115,401,1885,2532,335_Downy Mildew. (50).jpg,4000,3000
Downey Mildew,15,10,2985,3639,336_Downy Mildew. (51).jpg,3000,4000
Downey Mildew,1302,2599,1689,401,337_Downy Mildew. (52).jpg,4000,3000
Downey Mildew,875,7,3125,1225,337_Downy Mildew. (52).jpg,4000,3000
Downey Mildew,1146,1196,2854,1429,337_Downy Mildew. (52).jpg,4000,3000
Downey Mildew,262,5,1752,2847,338_Downy Mildew. (53).jpg,3000,4000
Downey Mildew,20,1356,495,1614,338_Downy Mildew. (53).jpg,3000,4000
Downey Mildew,21,264,2495,2124,339_Downy Mildew. (54).jpg,4000,3000
Downey Mildew,2453,397,672,616,339_Downy Mildew. (54).jpg,4000,3000
Downey Mildew,1332,2243,1522,661,339_Downy Mildew. (54).jpg,4000,3000
Downey Mildew,208,2079,965,1228,340_Downy Mildew. (55).jpg,3000,4000
Downey Mildew,1738,2703,1069,564,340_Downy Mildew. (55).jpg,3000,4000
Downey Mildew,1000,1054,1559,916,340_Downy Mildew. (55).jpg,3000,4000
Downey Mildew,1639,2089,708,525,340_Downy Mildew. (55).jpg,3000,4000
Downey Mildew,1351,89,480,1277,340_Downy Mildew. (55).jpg,3000,4000
Downey Mildew,946,0,1272,1376,341_Downy Mildew. (56).jpg,3000,4000
Downey Mildew,0,1045,2594,2624,341_Downy Mildew. (56).jpg,3000,4000
Downey Mildew,1223,1337,1777,1866,341_Downy Mildew. (56).jpg,3000,4000
Downey Mildew,896,25,1965,1644,342_Downy Mildew. (57).jpg,3000,4000
Downey Mildew,396,1634,2604,2129,342_Downy Mildew. (57).jpg,3000,4000
Downey Mildew,20,718,1094,871,342_Downy Mildew. (57).jpg,3000,4000
Downey Mildew,14,939,3986,783,343_Downy Mildew. (59).jpg,4000,3000
Downey Mildew,25,1645,1262,490,343_Downy Mildew. (59).jpg,4000,3000
Downey Mildew,14,7,3954,873,343_Downy Mildew. (59).jpg,4000,3000
Downey Mildew,396,1390,992,960,344_Downy Mildew. (6).jpeg,3023,3694
Downey Mildew,1246,462,1372,2583,344_Downy Mildew. (6).jpeg,3023,3694
Downey Mildew,382,2258,1006,1088,344_Downy Mildew. (6).jpeg,3023,3694
Downey Mildew,431,0,2292,3832,345_Downy Mildew. (6).jpg,3000,4000
Downey Mildew,6,7,3994,668,346_Downy Mildew. (60).jpg,4000,3000
Downey Mildew,0,1541,1079,516,346_Downy Mildew. (60).jpg,4000,3000
Downey Mildew,10,691,3990,1066,346_Downy Mildew. (60).jpg,4000,3000
Downey Mildew,0,2584,559,1376,347_Downy Mildew. (61).jpg,3000,4000
Downey Mildew,550,2262,2450,1520,347_Downy Mildew. (61).jpg,3000,4000
Downey Mildew,1015,678,1985,1683,347_Downy Mildew. (61).jpg,3000,4000
Downey Mildew,1020,50,569,604,347_Downy Mildew. (61).jpg,3000,4000
Downey Mildew,30,35,901,2040,347_Downy Mildew. (61).jpg,3000,4000
Downey Mildew,1514,1678,1199,1192,348_Downy Mildew. (63).jpg,4000,3000
Downey Mildew,2,163,1942,323,348_Downy Mildew. (63).jpg,4000,3000
Downey Mildew,671,78,1381,219,348_Downy Mildew. (63).jpg,4000,3000
Downey Mildew,2605,449,449,1738,348_Downy Mildew. (63).jpg,4000,3000
Downey Mildew,2613,550,457,1325,349_Downy Mildew. (64).jpg,4000,3000
Downey Mildew,1621,1630,1236,1218,349_Downy Mildew. (64).jpg,4000,3000
Downey Mildew,552,104,1463,119,349_Downy Mildew. (64).jpg,4000,3000
Downey Mildew,2,178,1901,397,349_Downy Mildew. (64).jpg,4000,3000
Downey Mildew,1025,15,1817,3485,350_Downy Mildew. (66).jpg,3000,4000
Downey Mildew,30,441,688,2955,350_Downy Mildew. (66).jpg,3000,4000
Downey Mildew,0,446,767,2837,351_Downy Mildew. (67).jpg,3000,4000
Downey Mildew,1119,248,1847,3064,351_Downy Mildew. (67).jpg,3000,4000
Downey Mildew,94,327,881,2946,352_Downy Mildew. (68).jpg,3000,4000
Downey Mildew,1248,144,1688,3203,352_Downy Mildew. (68).jpg,3000,4000
Downey Mildew,1084,1386,1614,1960,353_Downy Mildew. (69).jpg,3000,4000
Downey Mildew,1376,262,842,1347,353_Downy Mildew. (69).jpg,3000,4000
Downey Mildew,0,446,827,2886,353_Downy Mildew. (69).jpg,3000,4000
Downey Mildew,858,583,1596,1715,354_Downy Mildew. (7).jpeg,3023,3340
Downey Mildew,40,2125,2782,1215,354_Downy Mildew. (7).jpeg,3023,3340
Downey Mildew,6,293,3954,2161,355_Downy Mildew. (7).jpg,4000,3000
Downey Mildew,95,783,3905,1589,356_Downy Mildew. (70).jpg,4000,3000
Downey Mildew,77,995,3598,1444,357_Downy Mildew. (72).jpg,4000,3000
Downey Mildew,36,925,3828,1548,358_Downy Mildew. (73).jpg,4000,3000
Downey Mildew,54,869,3798,1574,359_Downy Mildew. (74).jpg,4000,3000
Downey Mildew,25,15,3208,1515,360_Downy Mildew. (75).jpg,4000,3000
Downey Mildew,1691,1854,337,565,361_Downy Mildew. (76).jpg,2195,2926
Downey Mildew,869,14,1246,1803,361_Downy Mildew. (76).jpg,2195,2926
Downey Mildew,1139,319,1300,728,362_Downy Mildew. (77).jpg,4000,3000
Downey Mildew,203,783,854,650,362_Downy Mildew. (77).jpg,4000,3000
Downey Mildew,0,30,882,672,362_Downy Mildew. (77).jpg,4000,3000
Downey Mildew,2535,575,605,676,362_Downy Mildew. (77).jpg,4000,3000
Downey Mildew,687,85,3022,1971,363_Downy Mildew. (78).jpg,3730,2090
Downey Mildew,871,2277,1975,688,364_Downy Mildew. (79).jpg,3000,4000
Downey Mildew,327,0,307,1381,364_Downy Mildew. (79).jpg,3000,4000
Downey Mildew,20,1406,436,460,364_Downy Mildew. (79).jpg,3000,4000
Downey Mildew,1297,30,1455,708,364_Downy Mildew. (79).jpg,3000,4000
Downey Mildew,946,1881,604,272,364_Downy Mildew. (79).jpg,3000,4000
Downey Mildew,757,1020,1688,767,364_Downy Mildew. (79).jpg,3000,4000
Downey Mildew,2050,1995,886,356,364_Downy Mildew. (79).jpg,3000,4000
Downey Mildew,946,262,1634,1173,365_Downy Mildew. (8).jpg,3000,4000
Downey Mildew,1426,1564,1183,1842,365_Downy Mildew. (8).jpg,3000,4000
Downey Mildew,124,1153,1307,2847,365_Downy Mildew. (8).jpg,3000,4000
Downey Mildew,2777,1690,427,628,366_Downy Mildew. (81).jpg,3326,2950
Downey Mildew,1050,1358,1679,792,366_Downy Mildew. (81).jpg,3326,2950
Downey Mildew,1798,591,1150,825,366_Downy Mildew. (81).jpg,3326,2950
Downey Mildew,2820,208,506,1208,366_Downy Mildew. (81).jpg,3326,2950
Downey Mildew,1250,2019,1884,865,366_Downy Mildew. (81).jpg,3326,2950
Downey Mildew,759,1920,869,811,367_Downy Mildew. (82).jpg,2933,3122
Downey Mildew,1501,0,1279,599,367_Downy Mildew. (82).jpg,2933,3122
Downey Mildew,141,73,997,1650,367_Downy Mildew. (82).jpg,2933,3122
Downey Mildew,262,584,2589,2119,368_Downy Mildew. (83).jpg,3000,4000
Downey Mildew,1079,41,835,382,369_Downy Mildew. (84).jpg,4000,3000
Downey Mildew,1298,1886,278,356,369_Downy Mildew. (84).jpg,4000,3000
Downey Mildew,741,1173,453,1597,369_Downy Mildew. (84).jpg,4000,3000
Downey Mildew,1391,375,1099,2168,369_Downy Mildew. (84).jpg,4000,3000
Downey Mildew,541,26,431,1036,369_Downy Mildew. (84).jpg,4000,3000
Downey Mildew,586,2,2031,1572,370_Downy Mildew. (85).jpg,2617,2000
Downey Mildew,19,1512,1282,488,370_Downy Mildew. (85).jpg,2617,2000
Downey Mildew,11,295,317,347,370_Downy Mildew. (85).jpg,2617,2000
Downey Mildew,8,1279,587,244,371_Downy Mildew. (86).jpg,2435,1745
Downey Mildew,1770,1371,246,335,371_Downy Mildew. (86).jpg,2435,1745
Downey Mildew,1364,1298,350,432,371_Downy Mildew. (86).jpg,2435,1745
Downey Mildew,306,11,2030,1263,371_Downy Mildew. (86).jpg,2435,1745
Downey Mildew,2197,1541,1578,579,372_Downy Mildew. (88).jpg,4000,3000
Downey Mildew,1985,2321,531,278,372_Downy Mildew. (88).jpg,4000,3000
Downey Mildew,1012,2120,356,308,372_Downy Mildew. (88).jpg,4000,3000
Downey Mildew,2665,1314,405,264,372_Downy Mildew. (88).jpg,4000,3000
Downey Mildew,3455,1318,167,249,372_Downy Mildew. (88).jpg,4000,3000
Downey Mildew,333,2217,1095,215,372_Downy Mildew. (88).jpg,4000,3000
Downey Mildew,3377,438,119,167,372_Downy Mildew. (88).jpg,4000,3000
Downey Mildew,1510,7,464,416,373_Downy Mildew. (89).jpg,4000,3000
Downey Mildew,1057,1493,969,1188,373_Downy Mildew. (89).jpg,4000,3000
Downey Mildew,1057,880,308,505,373_Downy Mildew. (89).jpg,4000,3000
Downey Mildew,1279,1044,1568,1164,374_Downy Mildew. (9).jpeg,4032,3024
Downey Mildew,2544,457,318,531,374_Downy Mildew. (9).jpeg,4032,3024
Downey Mildew,2937,273,138,183,374_Downy Mildew. (9).jpeg,4032,3024
Downey Mildew,1245,97,1265,906,374_Downy Mildew. (9).jpeg,4032,3024
Downey Mildew,1563,45,1022,292,374_Downy Mildew. (9).jpeg,4032,3024
Downey Mildew,2896,1314,876,909,374_Downy Mildew. (9).jpeg,4032,3024
Downey Mildew,1833,2298,1549,692,374_Downy Mildew. (9).jpeg,4032,3024
Downey Mildew,3285,760,528,584,374_Downy Mildew. (9).jpeg,4032,3024
Downey Mildew,762,153,887,853,374_Downy Mildew. (9).jpeg,4032,3024
Downey Mildew,1604,1847,1351,2035,375_Downy Mildew. (9).jpg,3000,4000
Downey Mildew,525,1901,1139,1891,375_Downy Mildew. (9).jpg,3000,4000
Downey Mildew,673,10,698,1921,375_Downy Mildew. (9).jpg,3000,4000
Downey Mildew,188,178,2391,1223,376_Downy Mildew. (90).jpg,3000,4000
Downey Mildew,1144,782,1767,2505,377_Downy Mildew. (92).jpg,3000,4000
Downey Mildew,20,2149,728,1119,377_Downy Mildew. (92).jpg,3000,4000
Downey Mildew,5,2153,653,1163,378_Downy Mildew. (93).jpg,3000,4000
Downey Mildew,1134,936,1866,2376,378_Downy Mildew. (93).jpg,3000,4000
Downey Mildew,69,649,827,693,378_Downy Mildew. (93).jpg,3000,4000
Downey Mildew,168,1213,1965,2767,379_Downy Mildew. (95).jpg,3000,4000
Downey Mildew,525,10,2109,1129,379_Downy Mildew. (95).jpg,3000,4000
Downey Mildew,158,817,550,391,379_Downy Mildew. (95).jpg,3000,4000
Downey Mildew,2183,1139,743,1683,379_Downy Mildew. (95).jpg,3000,4000
Downey Mildew,10,1797,277,2188,379_Downy Mildew. (95).jpg,3000,4000
Downey Mildew,2153,2896,490,1089,379_Downy Mildew. (95).jpg,3000,4000
Downey Mildew,1706,1015,1915,1207,380_Downy Mildew. (96).jpg,3621,2716
Downey Mildew,869,1808,2326,803,380_Downy Mildew. (96).jpg,3621,2716
Downey Mildew,2,978,1671,904,380_Downy Mildew. (96).jpg,3621,2716
Downey Mildew,5,7,2837,968,380_Downy Mildew. (96).jpg,3621,2716
Downey Mildew,2186,887,204,301,381_Downy Mildew. (97).jpg,4000,3000
Downey Mildew,2535,828,1147,1255,381_Downy Mildew. (97).jpg,4000,3000
Downey Mildew,1324,2105,1229,880,381_Downy Mildew. (97).jpg,4000,3000
Downey Mildew,875,0,1830,791,381_Downy Mildew. (97).jpg,4000,3000
Downey Mildew,897,824,691,1199,381_Downy Mildew. (97).jpg,4000,3000
Downey Mildew,2568,7,917,936,382_Downy Mildew. (98).jpg,4000,3000
Downey Mildew,1566,1923,1474,1077,382_Downy Mildew. (98).jpg,4000,3000
Downey Mildew,927,15,765,1868,382_Downy Mildew. (98).jpg,4000,3000
Downey Mildew,3259,899,741,776,382_Downy Mildew. (98).jpg,4000,3000
Downey Mildew,2627,2135,772,620,383_Downy Mildew. (99).jpg,4000,3000
Downey Mildew,177,1181,223,160,383_Downy Mildew. (99).jpg,4000,3000
Downey Mildew,1016,1132,498,260,383_Downy Mildew. (99).jpg,4000,3000
Downey Mildew,1046,15,1998,806,383_Downy Mildew. (99).jpg,4000,3000
Downey Mildew,2601,980,483,453,383_Downy Mildew. (99).jpg,4000,3000
Downey Mildew,17,1519,1741,1370,383_Downy Mildew. (99).jpg,4000,3000
,,,,,387_No disease. (100).jpg,3000,4000
,,,,,388_No disease. (101).jpg,3000,4000
,,,,,389_No disease. (102).jpg,3000,4000
,,,,,390_No disease. (104).jpg,3000,4000
,,,,,391_No disease. (105).jpg,3000,4000
,,,,,392_No disease. (106).jpg,3000,4000
,,,,,393_No disease. (107).jpg,3000,4000
,,,,,394_No disease. (108).jpg,3000,4000
,,,,,385_No disease. (10).jpeg,4032,3024
,,,,,386_No disease. (10).jpg,4000,3000
,,,,,397_No disease. (110).jpg,3000,4000
,,,,,398_No disease. (111).jpg,3000,4000
,,,,,399_No disease. (112).jpg,4000,3000
,,,,,400_No disease. (114).jpg,4000,3000
,,,,,401_No disease. (115).jpg,3000,4000
,,,,,402_No disease. (116).jpg,3000,4000
,,,,,403_No disease. (117).jpg,3000,4000
,,,,,404_No disease. (118).jpg,3000,4000
,,,,,405_No disease. (119).jpg,3000,4000
,,,,,395_No disease. (11).jpeg,4032,3024
,,,,,396_No disease. (11).jpg,4000,3000
,,,,,407_No disease. (120).jpg,3000,4000
,,,,,408_No disease. (122).jpg,3000,4000
,,,,,409_No disease. (123).jpg,3000,4000
,,,,,410_No disease. (124).jpg,4000,3000
,,,,,411_No disease. (125).jpg,4000,3000
,,,,,412_No disease. (126).jpg,4000,3000
,,,,,413_No disease. (128).jpg,4000,3000
,,,,,414_No disease. (129).jpg,4000,3000
,,,,,406_No disease. (12).jpeg,4032,3024
,,,,,417_No disease. (130).jpg,4000,3000
,,,,,418_No disease. (132).jpg,4000,3000
,,,,,419_No disease. (134).jpg,4000,3000
,,,,,420_No disease. (135).jpg,2315,2408
,,,,,421_No disease. (137).jpg,2925,2606
,,,,,422_No disease. (138).jpg,3000,4000
,,,,,423_No disease. (139).jpg,3000,4000
,,,,,415_No disease. (13).jpeg,4032,2357
,,,,,416_No disease. (13).jpg,3000,4000
,,,,,426_No disease. (140).jpg,3000,4000
,,,,,427_No disease. (141).jpg,4000,3000
,,,,,428_No disease. (143).jpg,4000,3000
,,,,,429_No disease. (144).jpg,4000,3000
,,,,,430_No disease. (145).jpg,4000,3000
,,,,,431_No disease. (146).jpg,4000,3000
,,,,,432_No disease. (148).jpg,4000,3000
,,,,,433_No disease. (149).jpg,4000,3000
,,,,,424_No disease. (14).jpeg,3442,3023
,,,,,425_No disease. (14).jpg,3000,4000
,,,,,436_No disease. (150).jpg,3000,4000
,,,,,437_No disease. (151).jpg,3000,4000
,,,,,438_No disease. (152).jpg,3000,4000
,,,,,439_No disease. (154).jpg,4000,3000
,,,,,440_No disease. (155).jpg,4000,3000
,,,,,441_No disease. (157).jpg,4000,3000
,,,,,442_No disease. (158).jpg,4000,3000
,,,,,443_No disease. (159).jpg,4000,3000
,,,,,434_No disease. (15).jpeg,3668,3023
,,,,,435_No disease. (15).jpg,4000,3000
,,,,,446_No disease. (161).jpg,3000,4000
,,,,,447_No disease. (162).jpg,3000,4000
,,,,,448_No disease. (163).jpg,4000,3000
,,,,,449_No disease. (164).jpg,4000,3000
,,,,,450_No disease. (166).jpg,4000,3000
,,,,,451_No disease. (167).jpg,3000,4000
,,,,,452_No disease. (168).jpg,3000,4000
,,,,,453_No disease. (169).jpg,3000,4000
,,,,,444_No disease. (16).jpeg,4032,3024
,,,,,445_No disease. (16).jpg,4000,3000
,,,,,456_No disease. (170).jpg,3000,4000
,,,,,457_No disease. (171).jpg,3000,4000
,,,,,458_No disease. (172).jpg,4000,3000
,,,,,459_No disease. (173).jpg,4000,3000
,,,,,460_No disease. (175).jpg,3000,4000
,,,,,461_No disease. (177).jpg,3000,4000
,,,,,462_No disease. (178).jpg,3000,4000
,,,,,454_No disease. (17).jpeg,3975,2853
,,,,,455_No disease. (17).jpg,3000,4000
,,,,,465_No disease. (180).jpg,3000,4000
,,,,,466_No disease. (182).jpg,4000,3000
,,,,,467_No disease. (183).jpg,4000,3000
,,,,,468_No disease. (185).jpg,3000,4000
,,,,,469_No disease. (186).jpg,3000,4000
,,,,,470_No disease. (188).jpg,4000,3000
,,,,,463_No disease. (18).jpeg,3941,2999
,,,,,464_No disease. (18).jpg,3000,4000
,,,,,471_No disease. (19).jpg,3000,4000
,,,,,384_No disease. (1).jpeg,3453,3004
,,,,,474_No disease. (21).jpg,3000,4000
,,,,,475_No disease. (22).jpg,3000,4000
,,,,,476_No disease. (23).jpg,3000,4000
,,,,,477_No disease. (24).jpg,4000,3000
,,,,,478_No disease. (25).jpg,4000,3000
,,,,,479_No disease. (26).jpg,4000,3000
,,,,,480_No disease. (27).jpg,4000,3000
,,,,,481_No disease. (28).jpg,4000,3000
,,,,,482_No disease. (29).jpg,4000,3000
,,,,,472_No disease. (2).jpeg,4032,3024
,,,,,473_No disease. (2).jpg,3000,4000
,,,,,485_No disease. (30).jpg,4000,3000
,,,,,486_No disease. (32).jpg,4000,3000
,,,,,487_No disease. (33).jpg,4000,3000
,,,,,488_No disease. (34).jpg,3000,4000
,,,,,489_No disease. (35).jpg,3000,4000
,,,,,490_No disease. (36).jpg,4000,3000
,,,,,491_No disease. (37).jpg,4000,3000
,,,,,492_No disease. (38).jpg,4000,3000
,,,,,493_No disease. (39).jpg,4000,3000
,,,,,483_No disease. (3).jpeg,3235,3023
,,,,,484_No disease. (3).jpg,3000,4000
,,,,,496_No disease. (40).jpg,4000,3000
,,,,,497_No disease. (41).jpg,4000,3000
,,,,,498_No disease. (42).jpg,4000,3000
,,,,,499_No disease. (44).jpg,3000,4000
,,,,,500_No disease. (45).jpg,3000,4000
,,,,,501_No disease. (46).jpg,4000,3000
,,,,,502_No disease. (47).jpg,4000,3000
,,,,,503_No disease. (48).jpg,4000,3000
,,,,,504_No disease. (49).jpg,4000,3000
,,,,,494_No disease. (4).jpeg,3525,3018
,,,,,495_No disease. (4).jpg,3000,4000
,,,,,507_No disease. (50).jpg,4000,3000
,,,,,508_No disease. (51).jpg,4000,3000
,,,,,509_No disease. (52).jpg,4000,3000
,,,,,510_No disease. (53).jpg,4000,3000
,,,,,511_No disease. (54).jpg,4000,3000
,,,,,512_No disease. (55).jpg,4000,3000
,,,,,513_No disease. (57).jpg,4000,3000
,,,,,514_No disease. (58).jpg,3000,4000
,,,,,515_No disease. (59).jpg,3000,4000
,,,,,505_No disease. (5).jpeg,2650,3000
,,,,,506_No disease. (5).jpg,4000,3000
,,,,,518_No disease. (60).jpg,3000,4000
,,,,,519_No disease. (61).jpg,4000,3000
,,,,,520_No disease. (62).jpg,4000,3000
,,,,,521_No disease. (63).jpg,3000,4000
,,,,,522_No disease. (64).jpg,3000,4000
,,,,,523_No disease. (65).jpg,3000,4000
,,,,,524_No disease. (66).jpg,3000,4000
,,,,,525_No disease. (67).jpg,3000,4000
,,,,,526_No disease. (69).jpg,4000,3000
,,,,,516_No disease. (6).jpeg,3726,3023
,,,,,517_No disease. (6).jpg,2982,3225
,,,,,529_No disease. (70).jpg,4000,3000
,,,,,530_No disease. (71).jpg,4000,3000
,,,,,531_No disease. (72).jpg,4000,3000
,,,,,532_No disease. (73).jpg,4000,3000
,,,,,533_No disease. (74).jpg,3000,4000
,,,,,534_No disease. (75).jpg,3000,4000
,,,,,535_No disease. (76).jpg,3000,4000
,,,,,536_No disease. (77).jpg,4000,3000
,,,,,537_No disease. (78).jpg,3000,4000
,,,,,538_No disease. (79).jpg,4000,3000
,,,,,527_No disease. (7).jpeg,3638,3006
,,,,,528_No disease. (7).jpg,4000,3000
,,,,,541_No disease. (80).jpg,3000,4000
,,,,,542_No disease. (82).jpg,3000,4000
,,,,,543_No disease. (83).jpg,3000,4000
,,,,,544_No disease. (84).jpg,3000,4000
,,,,,545_No disease. (85).jpg,3000,4000
,,,,,546_No disease. (87).jpg,4000,3000
,,,,,547_No disease. (88).jpg,4000,3000
,,,,,548_No disease. (89).jpg,4000,3000
,,,,,539_No disease. (8).jpeg,3711,2999
,,,,,540_No disease. (8).jpg,4000,3000
,,,,,551_No disease. (90).jpg,3000,4000
,,,,,552_No disease. (91).jpg,3000,4000
,,,,,553_No disease. (93).jpg,4000,3000
,,,,,554_No disease. (94).jpg,3000,4000
,,,,,555_No disease. (95).jpg,3000,4000
,,,,,556_No disease. (96).jpg,3000,4000
,,,,,557_No disease. (98).jpg,3000,4000
,,,,,558_No disease. (99).jpg,3000,4000
,,,,,549_No disease. (9).jpeg,2966,3023
,,,,,550_No disease. (9).jpg,4000,3000
