Black Rot,1688,454,1802,1172,Black Rot(1).jpeg,4032,3024
Black Rot,1544,1632,1770,882,Black Rot(1).jpeg,4032,3024
Black Rot,63,863,939,517,Black Rot(1).jpg,4032,3024
Black Rot,1569,731,1033,359,Black Rot(1).jpg,4032,3024
Black Rot,1607,1184,850,1165,Black Rot(1).jpg,4032,3024
Black Rot,561,1562,869,1279,Black Rot(1).jpg,4032,3024
Black Rot,2690,1153,1134,1411,Black Rot(1).jpg,4032,3024
Black Rot,1025,2369,1512,1562,Black Rot(10).jpeg,3024,4032
Black Rot,1302,1277,1285,1067,Black Rot(10).jpeg,3024,4032
Black Rot,1856,596,1134,395,Black Rot(10).jpeg,3024,4032
Black Rot,1071,1222,1581,1462,Black Rot(10).jpg,4032,3024
Black Rot,284,687,1298,510,Black Rot(10).jpg,4032,3024
Black Rot,420,722,1100,1705,Black Rot(11).jpeg,3024,4032
Black Rot,1512,1126,798,1453,Black Rot(11).jpeg,3024,4032
Black Rot,69,1197,800,649,Black Rot(11).jpg,4032,3024
Black Rot,454,1676,1562,1336,Black Rot(11).jpg,4032,3024
Black Rot,1625,454,1657,1090,Black Rot(12).jpeg,4032,3024
Black Rot,1430,1550,1455,737,Black Rot(12).jpeg,4032,3024
Black Rot,2482,1468,724,542,Black Rot(12).jpg,4032,3024
Black Rot,2375,693,951,1594,Black Rot(13).jpeg,4032,3024
Black Rot,3314,170,498,1096,Black Rot(13).jpeg,4032,3024
Black Rot,1915,1254,403,479,Black Rot(13).jpeg,4032,3024
Black Rot,2457,1373,693,491,Black Rot(13).jpg,4032,3024
Black Rot,937,1778,1511,1762,Black Rot(14).jpeg,3004,3662
Black Rot,808,1205,1450,557,Black Rot(14).jpeg,3004,3662
Black Rot,1441,580,824,412,Black Rot(14).jpeg,3004,3662
Black Rot,2161,1443,712,504,Black Rot(14).jpg,4032,3024
Black Rot,2659,410,592,1052,Black Rot(15).jpeg,4032,3024
Black Rot,1468,1537,1430,762,Black Rot(15).jpeg,4032,3024
Black Rot,1575,869,1077,655,Black Rot(15).jpeg,4032,3024
Black Rot,2167,1481,888,567,Black Rot(15).jpg,4032,3024
Black Rot,3037,1726,365,712,Black Rot(16).jpeg,4032,3024
Black Rot,2255,1310,599,1279,Black Rot(16).jpeg,4032,3024
Black Rot,428,1355,1808,1229,Black Rot(16).jpeg,4032,3024
Black Rot,712,977,599,340,Black Rot(16).jpeg,4032,3024
Black Rot,1424,1147,1140,806,Black Rot(16).jpg,4032,3024
Black Rot,697,277,1739,1386,Black Rot(17).jpeg,3024,4032
Black Rot,1226,1688,664,454,Black Rot(17).jpeg,3024,4032
Black Rot,1405,1978,617,422,Black Rot(17).jpg,4032,3024
Black Rot,3030,1695,662,485,Black Rot(17).jpg,4032,3024
Black Rot,2974,120,561,945,Black Rot(17).jpg,4032,3024
Black Rot,0,359,1348,1764,Black Rot(17).jpg,4032,3024
Black Rot,2678,422,592,1021,Black Rot(18).jpeg,4032,3024
Black Rot,1436,1531,1436,806,Black Rot(18).jpeg,4032,3024
Black Rot,1455,832,1210,712,Black Rot(18).jpeg,4032,3024
Black Rot,1046,977,1178,926,Black Rot(18).jpg,4032,3024
Black Rot,2155,2129,592,391,Black Rot(18).jpg,4032,3024
Black Rot,739,1884,1472,671,Black Rot(19).jpeg,3004,3662
Black Rot,739,2670,748,404,Black Rot(19).jpeg,3004,3662
Black Rot,518,702,1266,1152,Black Rot(19).jpeg,3004,3662
Black Rot,1723,397,450,435,Black Rot(19).jpeg,3004,3662
Black Rot,1386,825,1197,989,Black Rot(19).jpg,4032,3024
Black Rot,2615,2142,592,334,Black Rot(19).jpg,4032,3024
Black Rot,2657,1515,413,789,Black Rot(2).jpeg,3662,3004
Black Rot,1881,851,513,1421,Black Rot(2).jpeg,3662,3004
Black Rot,148,1245,1715,1214,Black Rot(2).jpeg,3662,3004
Black Rot,392,895,519,338,Black Rot(2).jpeg,3662,3004
Black Rot,202,945,832,529,Black Rot(2).jpg,4032,3024
Black Rot,1499,706,1228,491,Black Rot(2).jpg,4032,3024
Black Rot,2785,1247,1241,1474,Black Rot(2).jpg,4032,3024
Black Rot,1596,2386,806,1285,Black Rot(20).jpeg,3024,4032
Black Rot,714,2369,890,1084,Black Rot(20).jpeg,3024,4032
Black Rot,1201,1873,647,479,Black Rot(20).jpeg,3024,4032
Black Rot,2816,1978,504,536,Black Rot(20).jpg,4032,3024
Black Rot,1052,1260,1613,725,Black Rot(20).jpg,4032,3024
Black Rot,284,1128,2539,1487,Black Rot(21).jpeg,4032,3024
Black Rot,3087,1733,466,561,Black Rot(21).jpeg,4032,3024
Black Rot,529,819,743,290,Black Rot(21).jpeg,4032,3024
Black Rot,2495,1701,466,391,Black Rot(21).jpg,4032,3024
Black Rot,914,1084,1392,706,Black Rot(21).jpg,4032,3024
Black Rot,3062,1499,359,825,Black Rot(22).jpeg,4032,3024
Black Rot,170,794,1040,1191,Black Rot(22).jpeg,4032,3024
Black Rot,1090,1191,1701,1191,Black Rot(22).jpeg,4032,3024
Black Rot,2167,838,416,649,Black Rot(22).jpeg,4032,3024
Black Rot,2413,1758,447,441,Black Rot(22).jpg,4032,3024
Black Rot,769,1184,1411,813,Black Rot(22).jpg,4032,3024
Black Rot,1128,0,1111,1509,Black Rot(23).jpeg,2985,3981
Black Rot,564,1186,970,1700,Black Rot(23).jpeg,2985,3981
Black Rot,738,3002,713,547,Black Rot(23).jpeg,2985,3981
Black Rot,1592,2090,464,464,Black Rot(23).jpeg,2985,3981
Black Rot,2552,1544,416,523,Black Rot(23).jpg,4032,3024
Black Rot,1688,1222,781,662,Black Rot(23).jpg,4032,3024
Black Rot,1151,0,1084,1546,Black Rot(24).jpeg,3024,4032
Black Rot,202,1336,1302,1470,Black Rot(24).jpeg,3024,4032
Black Rot,1579,2176,722,378,Black Rot(24).jpeg,3024,4032
Black Rot,731,3016,588,445,Black Rot(24).jpeg,3024,4032
Black Rot,2438,1562,567,668,Black Rot(24).jpg,4032,3024
Black Rot,88,1720,2224,258,Black Rot(24).jpg,4032,3024
Black Rot,806,0,1378,1840,Black Rot(25).jpeg,3024,4032
Black Rot,462,1840,1571,1058,Black Rot(25).jpeg,3024,4032
Black Rot,731,3100,605,412,Black Rot(25).jpeg,3024,4032
Black Rot,1084,1317,1915,794,Black Rot(25).jpg,4032,3024
Black Rot,630,277,2079,1077,Black Rot(25).jpg,4032,3024
Black Rot,1100,0,1084,1453,Black Rot(26).jpeg,3024,4032
Black Rot,596,1294,966,1999,Black Rot(26).jpeg,3024,4032
Black Rot,1588,2159,445,370,Black Rot(26).jpeg,3024,4032
Black Rot,1392,1361,1796,876,Black Rot(26).jpg,4032,3024
Black Rot,926,302,1947,1102,Black Rot(26).jpg,4032,3024
Black Rot,1411,731,1050,2050,Black Rot(27).jpeg,3024,4032
Black Rot,571,1268,798,613,Black Rot(27).jpeg,3024,4032
Black Rot,798,2612,1100,1420,Black Rot(27).jpeg,3024,4032
Black Rot,1758,1310,995,951,Black Rot(27).jpg,4032,3024
Black Rot,1487,214,1090,1090,Black Rot(27).jpg,4032,3024
Black Rot,655,1260,1077,674,Black Rot(27).jpg,4032,3024
Black Rot,977,378,466,813,Black Rot(27).jpg,4032,3024
Black Rot,806,2184,1159,697,Black Rot(28).jpeg,3024,4032
Black Rot,622,899,1252,1294,Black Rot(28).jpeg,3024,4032
Black Rot,1210,0,1168,1092,Black Rot(28).jpeg,3024,4032
Black Rot,737,1235,1021,1166,Black Rot(28).jpg,4032,3024
Black Rot,1770,1493,1046,932,Black Rot(28).jpg,4032,3024
Black Rot,1575,630,970,863,Black Rot(28).jpg,4032,3024
Black Rot,1210,844,252,214,Black Rot(28).jpg,4032,3024
Black Rot,900,2830,1156,1051,Black Rot(29).jpeg,2996,3881
Black Rot,1255,1132,1512,962,Black Rot(29).jpeg,2996,3881
Black Rot,1239,2086,1415,857,Black Rot(29).jpeg,2996,3881
Black Rot,1732,614,752,412,Black Rot(29).jpeg,2996,3881
Black Rot,1802,1588,1033,851,Black Rot(29).jpg,4032,3024
Black Rot,1720,485,819,1172,Black Rot(29).jpg,4032,3024
Black Rot,769,599,1033,1682,Black Rot(29).jpg,4032,3024
Black Rot,693,939,630,372,Black Rot(3).jpeg,4032,3024
Black Rot,50,1071,391,1021,Black Rot(3).jpeg,4032,3024
Black Rot,466,1348,1764,1279,Black Rot(3).jpeg,4032,3024
Black Rot,2255,1298,529,1178,Black Rot(3).jpeg,4032,3024
Black Rot,3074,1802,372,605,Black Rot(3).jpeg,4032,3024
Black Rot,142,422,256,171,Black Rot(3).jpg,1024,768
Black Rot,461,443,186,213,Black Rot(3).jpg,1024,768
Black Rot,643,174,144,238,Black Rot(3).jpg,1024,768
Black Rot,483,179,155,232,Black Rot(3).jpg,1024,768
Black Rot,398,341,54,126,Black Rot(3).jpg,1024,768
Black Rot,376,35,309,123,Black Rot(3).jpg,1024,768
Black Rot,330,186,141,134,Black Rot(3).jpg,1024,768
Black Rot,205,74,152,128,Black Rot(3).jpg,1024,768
Black Rot,99,272,96,146,Black Rot(3).jpg,1024,768
Black Rot,529,3016,890,370,Black Rot(30).jpeg,3024,4032
Black Rot,235,1949,1520,815,Black Rot(30).jpeg,3024,4032
Black Rot,235,1075,1487,865,Black Rot(30).jpeg,3024,4032
Black Rot,1672,697,437,605,Black Rot(30).jpeg,3024,4032
Black Rot,983,92,1058,655,Black Rot(30).jpeg,3024,4032
Black Rot,1569,1449,737,661,Black Rot(30).jpg,4032,3024
Black Rot,1134,1733,391,485,Black Rot(30).jpg,4032,3024
Black Rot,649,1077,1449,428,Black Rot(30).jpg,4032,3024
Black Rot,2470,0,800,548,Black Rot(30).jpg,4032,3024
Black Rot,1494,549,847,465,Black Rot(31).jpeg,3004,3662
Black Rot,1494,1274,946,1465,Black Rot(31).jpeg,3004,3662
Black Rot,815,2464,1152,1198,Black Rot(31).jpeg,3004,3662
Black Rot,838,1366,595,450,Black Rot(31).jpeg,3004,3662
Black Rot,2331,0,857,636,Black Rot(31).jpg,4032,3024
Black Rot,548,1121,1594,422,Black Rot(31).jpg,4032,3024
Black Rot,1493,1436,699,680,Black Rot(31).jpg,4032,3024
Black Rot,995,1651,428,586,Black Rot(31).jpg,4032,3024
Black Rot,1456,595,916,412,Black Rot(32).jpeg,3004,3662
Black Rot,1594,1282,1030,1251,Black Rot(32).jpeg,3004,3662
Black Rot,792,1236,626,580,Black Rot(32).jpeg,3004,3662
Black Rot,922,2487,1053,1167,Black Rot(32).jpeg,3004,3662
Black Rot,892,3067,221,8,Black Rot(32).jpeg,3004,3662
Black Rot,304,1945,671,565,Black Rot(32).jpeg,3004,3662
Black Rot,1770,1273,1014,882,Black Rot(32).jpg,4032,3024
Black Rot,1021,1783,624,599,Black Rot(32).jpg,4032,3024
Black Rot,139,586,2148,794,Black Rot(32).jpg,4032,3024
Black Rot,2428,3360,470,630,Black Rot(33).jpeg,3024,4032
Black Rot,680,2411,974,941,Black Rot(33).jpeg,3024,4032
Black Rot,1579,2360,739,1411,Black Rot(33).jpeg,3024,4032
Black Rot,1159,1856,680,496,Black Rot(33).jpeg,3024,4032
Black Rot,1758,1455,769,712,Black Rot(33).jpg,4032,3024
Black Rot,643,1109,1600,479,Black Rot(33).jpg,4032,3024
Black Rot,1241,1821,504,567,Black Rot(33).jpg,4032,3024
Black Rot,441,674,441,649,Black Rot(33).jpg,4032,3024
Black Rot,2967,1405,504,907,Black Rot(34).jpeg,4032,3024
Black Rot,2230,825,567,1474,Black Rot(34).jpeg,4032,3024
Black Rot,441,1695,1783,743,Black Rot(34).jpeg,4032,3024
Black Rot,176,920,1499,775,Black Rot(34).jpeg,4032,3024
Black Rot,769,970,775,567,Black Rot(34).jpg,4032,3024
Black Rot,958,1512,844,466,Black Rot(34).jpg,4032,3024
Black Rot,1607,819,756,1052,Black Rot(34).jpg,4032,3024
Black Rot,1189,458,885,854,Black Rot(35).jpeg,3004,3662
Black Rot,1075,0,923,366,Black Rot(35).jpeg,3004,3662
Black Rot,289,1038,1129,1335,Black Rot(35).jpeg,3004,3662
Black Rot,1533,1808,732,587,Black Rot(35).jpeg,3004,3662
Black Rot,686,2678,854,381,Black Rot(35).jpeg,3004,3662
Black Rot,1556,95,1254,1814,Black Rot(35).jpg,4032,3024
Black Rot,378,485,1184,1588,Black Rot(35).jpg,4032,3024
Black Rot,647,1848,832,1067,Black Rot(36).jpeg,3024,4032
Black Rot,1453,2663,1226,630,Black Rot(36).jpeg,3024,4032
Black Rot,1495,1630,756,1033,Black Rot(36).jpeg,3024,4032
Black Rot,890,1369,916,328,Black Rot(36).jpeg,3024,4032
Black Rot,1247,6,1304,573,Black Rot(36).jpg,4032,3024
Black Rot,1613,662,976,1166,Black Rot(36).jpg,4032,3024
Black Rot,813,1014,832,1096,Black Rot(36).jpg,4032,3024
Black Rot,2678,447,674,1027,Black Rot(37).jpeg,4032,3024
Black Rot,1852,1531,1040,825,Black Rot(37).jpeg,4032,3024
Black Rot,1865,851,813,649,Black Rot(37).jpeg,4032,3024
Black Rot,1392,1323,460,441,Black Rot(37).jpeg,4032,3024
Black Rot,3030,2003,384,384,Black Rot(37).jpg,4032,3024
Black Rot,1443,1052,479,302,Black Rot(37).jpg,4032,3024
Black Rot,164,1292,586,422,Black Rot(37).jpg,4032,3024
Black Rot,1008,1266,353,221,Black Rot(37).jpg,4032,3024
Black Rot,441,2545,517,397,Black Rot(37).jpg,4032,3024
Black Rot,2318,1203,712,346,Black Rot(37).jpg,4032,3024
Black Rot,1758,1481,888,851,Black Rot(37).jpg,4032,3024
Black Rot,1504,1042,874,1126,Black Rot(38).jpeg,3024,4032
Black Rot,1277,2167,630,546,Black Rot(38).jpeg,3024,4032
Black Rot,857,781,655,1386,Black Rot(38).jpeg,3024,4032
Black Rot,353,739,420,328,Black Rot(38).jpeg,3024,4032
Black Rot,2974,1632,397,384,Black Rot(38).jpg,4032,3024
Black Rot,170,2218,410,321,Black Rot(38).jpg,4032,3024
Black Rot,838,2596,466,334,Black Rot(38).jpg,4032,3024
Black Rot,246,1235,529,781,Black Rot(38).jpg,4032,3024
Black Rot,1197,504,649,340,Black Rot(38).jpg,4032,3024
Black Rot,0,813,391,309,Black Rot(38).jpg,4032,3024
Black Rot,712,951,718,888,Black Rot(38).jpg,4032,3024
Black Rot,2230,756,762,346,Black Rot(38).jpg,4032,3024
Black Rot,1544,1008,945,989,Black Rot(38).jpg,4032,3024
Black Rot,1621,890,865,1176,Black Rot(39).jpeg,3024,4032
Black Rot,1352,2100,546,445,Black Rot(39).jpeg,3024,4032
Black Rot,882,580,731,1504,Black Rot(39).jpeg,3024,4032
Black Rot,412,529,370,344,Black Rot(39).jpeg,3024,4032
Black Rot,693,510,668,309,Black Rot(39).jpg,4032,3024
Black Rot,6,964,888,1191,Black Rot(39).jpg,4032,3024
Black Rot,1040,1027,1197,1241,Black Rot(39).jpg,4032,3024
Black Rot,2879,1890,403,391,Black Rot(39).jpg,4032,3024
Black Rot,2022,819,939,221,Black Rot(39).jpg,4032,3024
Black Rot,948,2757,445,477,Black Rot(4).jpeg,2996,3881
Black Rot,1061,3493,1043,388,Black Rot(4).jpeg,2996,3881
Black Rot,1821,598,631,404,Black Rot(4).jpeg,2996,3881
Black Rot,1676,1253,978,1100,Black Rot(4).jpeg,2996,3881
Black Rot,1328,2361,1205,1075,Black Rot(4).jpeg,2996,3881
Black Rot,1255,1415,372,429,Black Rot(4).jpeg,2996,3881
Black Rot,2558,1222,554,529,Black Rot(4).jpg,4032,3024
Black Rot,0,1222,372,479,Black Rot(4).jpg,4032,3024
Black Rot,0,1695,977,945,Black Rot(4).jpg,4032,3024
Black Rot,2682,1558,363,732,Black Rot(40).jpeg,3662,3004
Black Rot,1825,807,601,613,Black Rot(40).jpeg,3662,3004
Black Rot,1862,1527,538,695,Black Rot(40).jpeg,3662,3004
Black Rot,761,1815,1089,657,Black Rot(40).jpeg,3662,3004
Black Rot,179,1245,1064,695,Black Rot(40).jpeg,3662,3004
Black Rot,0,907,223,989,Black Rot(40).jpeg,3662,3004
Black Rot,429,882,426,344,Black Rot(40).jpeg,3662,3004
Black Rot,1260,290,662,441,Black Rot(40).jpg,4032,3024
Black Rot,63,1159,491,838,Black Rot(40).jpg,4032,3024
Black Rot,0,2388,384,548,Black Rot(40).jpg,4032,3024
Black Rot,3742,1859,290,542,Black Rot(40).jpg,4032,3024
Black Rot,2564,712,1058,353,Black Rot(40).jpg,4032,3024
Black Rot,1720,945,1348,1292,Black Rot(40).jpg,4032,3024
Black Rot,916,3553,1218,437,Black Rot(41).jpeg,3024,4032
Black Rot,1361,2092,1235,1428,Black Rot(41).jpeg,3024,4032
Black Rot,1294,1235,1243,874,Black Rot(41).jpeg,3024,4032
Black Rot,1772,479,655,554,Black Rot(41).jpeg,3024,4032
Black Rot,882,2772,487,496,Black Rot(41).jpeg,3024,4032
Black Rot,1586,572,816,465,Black Rot(42).jpeg,3004,3662
Black Rot,1586,1244,847,1015,Black Rot(42).jpeg,3004,3662
Black Rot,1273,2235,923,1427,Black Rot(42).jpeg,3004,3662
Black Rot,777,1099,702,809,Black Rot(42).jpeg,3004,3662
Black Rot,724,2762,595,870,Black Rot(42).jpeg,3004,3662
Black Rot,1723,0,404,847,Black Rot(43).jpeg,3004,3662
Black Rot,1166,0,572,1282,Black Rot(43).jpeg,3004,3662
Black Rot,388,1060,1442,1327,Black Rot(43).jpeg,3004,3662
Black Rot,747,2678,793,412,Black Rot(43).jpeg,3004,3662
Black Rot,1630,1235,1067,1369,Black Rot(44).jpeg,3024,4032
Black Rot,1294,2436,756,1478,Black Rot(44).jpeg,3024,4032
Black Rot,865,2755,563,1218,Black Rot(44).jpeg,3024,4032
Black Rot,1705,622,722,395,Black Rot(44).jpeg,3024,4032
Black Rot,714,1226,832,731,Black Rot(44).jpeg,3024,4032
Black Rot,1504,966,890,1159,Black Rot(45).jpeg,3024,4032
Black Rot,882,731,630,1411,Black Rot(45).jpeg,3024,4032
Black Rot,1294,2176,689,521,Black Rot(45).jpeg,3024,4032
Black Rot,420,647,336,420,Black Rot(45).jpeg,3024,4032
Black Rot,479,1924,907,1336,Black Rot(46).jpeg,3024,4032
Black Rot,1386,1957,764,1613,Black Rot(46).jpeg,3024,4032
Black Rot,974,1512,823,428,Black Rot(46).jpeg,3024,4032
Black Rot,334,1625,1348,706,Black Rot(47).jpeg,4032,3024
Black Rot,510,706,1102,926,Black Rot(47).jpeg,4032,3024
Black Rot,1688,1147,473,662,Black Rot(47).jpeg,4032,3024
Black Rot,1445,672,932,958,Black Rot(48).jpeg,3024,4032
Black Rot,571,277,857,1386,Black Rot(48).jpeg,3024,4032
Black Rot,1058,1663,781,487,Black Rot(48).jpeg,3024,4032
Black Rot,1411,680,899,932,Black Rot(49).jpeg,3024,4032
Black Rot,1210,1705,638,428,Black Rot(49).jpeg,3024,4032
Black Rot,689,210,748,1462,Black Rot(49).jpeg,3024,4032
Black Rot,143,168,412,437,Black Rot(49).jpeg,3024,4032
Black Rot,1732,590,703,453,Black Rot(5).jpeg,2996,3881
Black Rot,1724,1261,922,1318,Black Rot(5).jpeg,2996,3881
Black Rot,900,1172,703,655,Black Rot(5).jpeg,2996,3881
Black Rot,1377,2401,655,1439,Black Rot(5).jpeg,2996,3881
Black Rot,795,2798,590,1051,Black Rot(5).jpeg,2996,3881
Black Rot,1455,1392,989,806,Black Rot(5).jpg,4032,3024
Black Rot,1065,479,315,258,Black Rot(5).jpg,4032,3024
Black Rot,0,1625,523,1027,Black Rot(5).jpg,4032,3024
Black Rot,974,118,1033,529,Black Rot(50).jpeg,3024,4032
Black Rot,907,546,1268,1000,Black Rot(50).jpeg,3024,4032
Black Rot,378,1386,1067,1470,Black Rot(50).jpeg,3024,4032
Black Rot,412,3041,1025,445,Black Rot(50).jpeg,3024,4032
Black Rot,1411,2226,512,428,Black Rot(50).jpeg,3024,4032
Black Rot,2626,1439,444,870,Black Rot(51).jpeg,3662,3004
Black Rot,1850,782,601,688,Black Rot(51).jpeg,3662,3004
Black Rot,1556,1577,876,720,Black Rot(51).jpeg,3662,3004
Black Rot,748,1239,757,1208,Black Rot(51).jpeg,3662,3004
Black Rot,448,882,413,357,Black Rot(51).jpeg,3662,3004
Black Rot,0,951,273,995,Black Rot(51).jpeg,3662,3004
Black Rot,989,718,1153,750,Black Rot(52).jpeg,4032,3024
Black Rot,636,1487,1544,662,Black Rot(52).jpeg,4032,3024
Black Rot,2142,1279,472,378,Black Rot(52).jpeg,4032,3024
Black Rot,674,2306,428,277,Black Rot(52).jpeg,4032,3024
Black Rot,974,76,1117,412,Black Rot(53).jpeg,3024,4032
Black Rot,218,563,983,1672,Black Rot(53).jpeg,3024,4032
Black Rot,1176,781,890,790,Black Rot(53).jpeg,3024,4032
Black Rot,470,2251,1352,554,Black Rot(53).jpeg,3024,4032
Black Rot,630,3041,638,412,Black Rot(53).jpeg,3024,4032
Black Rot,865,92,1243,563,Black Rot(54).jpeg,3024,4032
Black Rot,403,672,1672,1235,Black Rot(54).jpeg,3024,4032
Black Rot,538,1898,1193,840,Black Rot(54).jpeg,3024,4032
Black Rot,546,2990,706,496,Black Rot(54).jpeg,3024,4032
Black Rot,739,2327,899,1016,Black Rot(55).jpeg,3024,4032
Black Rot,2486,3419,412,437,Black Rot(55).jpeg,3024,4032
Black Rot,1588,2377,739,1352,Black Rot(55).jpeg,3024,4032
Black Rot,1210,1848,622,504,Black Rot(55).jpeg,3024,4032
Black Rot,680,2218,517,504,Black Rot(56).jpeg,4032,3024
Black Rot,1128,668,995,806,Black Rot(56).jpeg,4032,3024
Black Rot,2180,1172,397,605,Black Rot(56).jpeg,4032,3024
Black Rot,731,1487,1411,655,Black Rot(56).jpeg,4032,3024
Black Rot,1802,1159,586,592,Black Rot(57).jpeg,4032,3024
Black Rot,2388,1392,958,964,Black Rot(57).jpeg,4032,3024
Black Rot,2369,725,1342,674,Black Rot(57).jpeg,4032,3024
Black Rot,622,1798,874,1117,Black Rot(58).jpeg,3024,4032
Black Rot,1462,1890,790,1436,Black Rot(58).jpeg,3024,4032
Black Rot,1235,1361,470,521,Black Rot(58).jpeg,3024,4032
Black Rot,2268,2890,395,470,Black Rot(58).jpeg,3024,4032
Black Rot,662,668,1027,939,Black Rot(59).jpeg,4032,3024
Black Rot,1651,1222,599,586,Black Rot(59).jpeg,4032,3024
Black Rot,328,1625,1310,649,Black Rot(59).jpeg,4032,3024
Black Rot,1716,1164,914,1528,Black Rot(6).jpeg,2996,3881
Black Rot,1344,2442,728,1439,Black Rot(6).jpeg,2996,3881
Black Rot,827,2620,542,1261,Black Rot(6).jpeg,2996,3881
Black Rot,981,1172,614,695,Black Rot(6).jpeg,2996,3881
Black Rot,2205,1115,762,737,Black Rot(6).jpg,4032,3024
Black Rot,1424,372,416,284,Black Rot(6).jpg,4032,3024
Black Rot,0,1493,983,1336,Black Rot(6).jpg,4032,3024
Black Rot,2993,1789,473,630,Black Rot(60).jpeg,4032,3024
Black Rot,2249,869,510,712,Black Rot(60).jpeg,4032,3024
Black Rot,1531,1726,1241,888,Black Rot(60).jpeg,4032,3024
Black Rot,491,1386,1109,1014,Black Rot(60).jpeg,4032,3024
Black Rot,1040,1317,0,50,Black Rot(60).jpeg,4032,3024
Black Rot,788,1002,416,334,Black Rot(60).jpeg,4032,3024
Black Rot,88,970,372,1153,Black Rot(60).jpeg,4032,3024
Black Rot,605,1814,874,1067,Black Rot(7).jpeg,3024,4032
Black Rot,1470,1865,697,1352,Black Rot(7).jpeg,3024,4032
Black Rot,1159,1394,588,437,Black Rot(7).jpeg,3024,4032
Black Rot,2276,2948,336,395,Black Rot(7).jpeg,3024,4032
Black Rot,1002,1304,1430,1134,Black Rot(7).jpg,4032,3024
Black Rot,435,586,1203,630,Black Rot(7).jpg,4032,3024
Black Rot,899,664,622,1504,Black Rot(8).jpeg,3024,4032
Black Rot,1478,1126,890,1008,Black Rot(8).jpeg,3024,4032
Black Rot,1294,2176,613,479,Black Rot(8).jpeg,3024,4032
Black Rot,294,706,512,370,Black Rot(8).jpeg,3024,4032
Black Rot,498,611,995,680,Black Rot(8).jpg,4032,3024
Black Rot,869,1518,1411,932,Black Rot(8).jpg,4032,3024
Black Rot,3289,189,655,328,Black Rot(9).jpeg,4032,3024
Black Rot,1764,1254,592,466,Black Rot(9).jpeg,4032,3024
Black Rot,2400,1386,951,901,Black Rot(9).jpeg,4032,3024
Black Rot,2381,699,1323,699,Black Rot(9).jpeg,4032,3024
Black Rot,410,958,1216,750,Black Rot(9).jpg,4032,3024
Black Rot,3062,491,384,252,Black Rot(9).jpg,4032,3024
Black Rot,1109,1625,1411,1361,Black Rot(9).jpg,4032,3024