Downey Mildew,31,30,192,135,Downy Mildew. (1).jpeg,335,250
Downey Mildew,225,29,99,165,Downy Mildew. (1).jpeg,335,250
Downey Mildew,46,6,167,26,Downy Mildew. (1).jpeg,335,250
Downey Mildew,6,12,1091,163,Downy Mildew. (1).jpg,3529,1852
Downey Mildew,9,221,1624,1131,Downy Mildew. (1).jpg,3529,1852
Downey Mildew,20,1387,1255,465,Downy Mildew. (1).jpg,3529,1852
Downey Mildew,1309,1390,186,103,Downy Mildew. (1).jpg,3529,1852
Downey Mildew,2157,279,719,381,Downy Mildew. (1).jpg,3529,1852
Downey Mildew,1667,310,1194,793,Downy Mildew. (1).jpg,3529,1852
Downey Mildew,1684,1198,112,92,Downy Mildew. (1).jpg,3529,1852
Downey Mildew,1146,15,2214,155,Downy Mildew. (1).jpg,3529,1852
Downey Mildew,3331,213,198,335,Downy Mildew. (1).jpg,3529,1852
Downey Mildew,2985,528,329,255,Downy Mildew. (1).jpg,3529,1852
Downey Mildew,1199,509,1243,1372,Downy Mildew. (10).jpeg,2807,4032
Downey Mildew,740,1652,2061,1317,Downy Mildew. (10).jpeg,2807,4032
Downey Mildew,26,2011,1008,2021,Downy Mildew. (10).jpeg,2807,4032
Downey Mildew,1344,3094,1442,938,Downy Mildew. (10).jpeg,2807,4032
Downey Mildew,944,1317,469,454,Downy Mildew. (10).jpeg,2807,4032
Downey Mildew,40,119,3960,2473,Downy Mildew. (10).jpg,4000,3000
Downey Mildew,79,35,2832,3817,Downy Mildew. (100).jpg,3000,4000
Downey Mildew,312,1114,2688,2361,Downy Mildew. (101).jpg,3000,4000
Downey Mildew,0,2639,342,901,Downy Mildew. (101).jpg,3000,4000
Downey Mildew,178,3673,1510,327,Downy Mildew. (101).jpg,3000,4000
Downey Mildew,1054,3515,673,188,Downy Mildew. (101).jpg,3000,4000
Downey Mildew,401,1545,2010,2020,Downy Mildew. (102).jpg,3000,4000
Downey Mildew,351,457,3550,1686,Downy Mildew. (103).jpg,4000,3000
Downey Mildew,604,2183,783,817,Downy Mildew. (103).jpg,4000,3000
Downey Mildew,307,509,3278,1671,Downy Mildew. (104).jpg,4000,3000
Downey Mildew,366,2220,850,772,Downy Mildew. (104).jpg,4000,3000
Downey Mildew,88,308,3371,1337,Downy Mildew. (105).jpg,4000,3000
Downey Mildew,860,22,2748,338,Downy Mildew. (105).jpg,4000,3000
Downey Mildew,3500,702,500,1021,Downy Mildew. (105).jpg,4000,3000
Downey Mildew,21,1652,3979,1021,Downy Mildew. (105).jpg,4000,3000
Downey Mildew,0,0,3741,2870,Downy Mildew. (106).jpg,4000,3000
Downey Mildew,1134,10,1792,3990,Downy Mildew. (107).jpg,3000,4000
Downey Mildew,173,198,1074,3802,Downy Mildew. (107).jpg,3000,4000
Downey Mildew,446,15,2545,2629,Downy Mildew. (109).jpg,3000,4000
Downey Mildew,5,500,856,3495,Downy Mildew. (109).jpg,3000,4000
Downey Mildew,886,2644,2114,1356,Downy Mildew. (109).jpg,3000,4000
Downey Mildew,347,1753,1582,2085,Downy Mildew. (11).jpeg,2642,3838
Downey Mildew,1093,195,1549,2318,Downy Mildew. (11).jpeg,2642,3838
Downey Mildew,0,722,894,2356,Downy Mildew. (11).jpeg,2642,3838
Downey Mildew,780,347,532,233,Downy Mildew. (11).jpeg,2642,3838
Downey Mildew,10,301,3990,2387,Downy Mildew. (11).jpg,4000,3000
Downey Mildew,84,10,2916,1866,Downy Mildew. (110).jpg,3000,4000
Downey Mildew,20,2317,653,327,Downy Mildew. (110).jpg,3000,4000
Downey Mildew,1287,2842,1431,955,Downy Mildew. (110).jpg,3000,4000
Downey Mildew,411,64,2589,2351,Downy Mildew. (111).jpg,3000,4000
Downey Mildew,30,1970,2946,1990,Downy Mildew. (111).jpg,3000,4000
Downey Mildew,257,59,2718,1411,Downy Mildew. (112).jpg,3000,4000
Downey Mildew,0,1817,153,847,Downy Mildew. (112).jpg,3000,4000
Downey Mildew,881,1515,1985,2163,Downy Mildew. (112).jpg,3000,4000
Downey Mildew,322,35,718,2183,Downy Mildew. (113).jpg,3000,4000
Downey Mildew,1064,2332,1871,1668,Downy Mildew. (113).jpg,3000,4000
Downey Mildew,2693,1312,307,1094,Downy Mildew. (113).jpg,3000,4000
Downey Mildew,1574,629,842,1218,Downy Mildew. (113).jpg,3000,4000
Downey Mildew,626,4,3360,2432,Downy Mildew. (114).jpg,4000,3000
Downey Mildew,144,275,1032,1931,Downy Mildew. (115).jpg,4000,3000
Downey Mildew,2,1879,1533,1121,Downy Mildew. (115).jpg,4000,3000
Downey Mildew,3585,698,415,1964,Downy Mildew. (115).jpg,4000,3000
Downey Mildew,3433,100,516,501,Downy Mildew. (115).jpg,4000,3000
Downey Mildew,767,35,2233,3713,Downy Mildew. (116).jpg,3000,4000
Downey Mildew,20,1035,891,2465,Downy Mildew. (116).jpg,3000,4000
Downey Mildew,134,3599,376,381,Downy Mildew. (116).jpg,3000,4000
Downey Mildew,134,2322,2866,762,Downy Mildew. (117).jpg,3000,4000
Downey Mildew,1337,3005,1545,871,Downy Mildew. (117).jpg,3000,4000
Downey Mildew,1119,1391,1881,1074,Downy Mildew. (117).jpg,3000,4000
Downey Mildew,1851,436,1149,465,Downy Mildew. (117).jpg,3000,4000
Downey Mildew,0,703,604,1530,Downy Mildew. (117).jpg,3000,4000
Downey Mildew,213,173,1450,351,Downy Mildew. (117).jpg,3000,4000
Downey Mildew,21,54,392,232,Downy Mildew. (118).jpg,504,339
Downey Mildew,15,90,570,260,Downy Mildew. (119).jpg,750,350
Downey Mildew,279,0,462,157,Downy Mildew. (119).jpg,750,350
Downey Mildew,598,162,69,133,Downy Mildew. (119).jpg,750,350
Downey Mildew,620,325,38,25,Downy Mildew. (119).jpg,750,350
Downey Mildew,47,41,3806,2777,Downy Mildew. (12).jpeg,4032,3024
Downey Mildew,184,63,3798,2729,Downy Mildew. (12).jpg,4000,3000
Downey Mildew,23,50,329,194,Downy Mildew. (120).jpg,504,339
Downey Mildew,333,3,108,167,Downy Mildew. (120).jpg,504,339
Downey Mildew,461,2,439,527,Downy Mildew. (121).jpg,900,619
Downey Mildew,188,2,191,84,Downy Mildew. (121).jpg,900,619
Downey Mildew,233,119,200,331,Downy Mildew. (121).jpg,900,619
Downey Mildew,219,446,139,146,Downy Mildew. (121).jpg,900,619
Downey Mildew,77,93,133,95,Downy Mildew. (121).jpg,900,619
Downey Mildew,1,270,179,308,Downy Mildew. (121).jpg,900,619
Downey Mildew,7,0,505,350,Downy Mildew. (122).jpg,750,350
Downey Mildew,522,0,228,272,Downy Mildew. (122).jpg,750,350
Downey Mildew,2,0,1138,635,Downy Mildew. (123).jpg,1140,641
Downey Mildew,409,2,356,482,Downy Mildew. (124).jpg,768,512
Downey Mildew,5,1,160,155,Downy Mildew. (124).jpg,768,512
Downey Mildew,173,3,248,360,Downy Mildew. (124).jpg,768,512
Downey Mildew,60,163,107,153,Downy Mildew. (124).jpg,768,512
Downey Mildew,1,120,611,405,Downy Mildew. (125).jpg,777,531
Downey Mildew,611,120,23,381,Downy Mildew. (125).jpg,777,531
Downey Mildew,639,191,138,308,Downy Mildew. (125).jpg,777,531
Downey Mildew,21,23,593,94,Downy Mildew. (125).jpg,777,531
Downey Mildew,8,194,769,285,Downy Mildew. (126).jpg,779,523
Downey Mildew,6,485,592,38,Downy Mildew. (126).jpg,779,523
Downey Mildew,85,85,616,106,Downy Mildew. (126).jpg,779,523
Downey Mildew,237,25,405,59,Downy Mildew. (126).jpg,779,523
Downey Mildew,703,122,55,67,Downy Mildew. (126).jpg,779,523
Downey Mildew,203,11,455,350,Downy Mildew. (127).jpg,697,558
Downey Mildew,182,387,372,114,Downy Mildew. (127).jpg,697,558
Downey Mildew,299,354,262,50,Downy Mildew. (127).jpg,697,558
Downey Mildew,108,227,110,76,Downy Mildew. (127).jpg,697,558
Downey Mildew,126,329,94,95,Downy Mildew. (127).jpg,697,558
Downey Mildew,28,20,972,949,Downy Mildew. (128).jpg,1000,1000
Downey Mildew,159,94,940,640,Downy Mildew. (129).jpg,1103,768
Downey Mildew,6,317,175,284,Downy Mildew. (129).jpg,1103,768
Downey Mildew,4,90,91,126,Downy Mildew. (129).jpg,1103,768
Downey Mildew,593,10,401,107,Downy Mildew. (129).jpg,1103,768
Downey Mildew,20,19,709,616,Downy Mildew. (13).jpeg,3855,3016
Downey Mildew,46,642,1445,679,Downy Mildew. (13).jpeg,3855,3016
Downey Mildew,1006,11,1153,713,Downy Mildew. (13).jpeg,3855,3016
Downey Mildew,1659,784,1934,974,Downy Mildew. (13).jpeg,3855,3016
Downey Mildew,84,1347,2034,1105,Downy Mildew. (13).jpeg,3855,3016
Downey Mildew,2207,1926,1648,873,Downy Mildew. (13).jpeg,3855,3016
Downey Mildew,2797,246,866,504,Downy Mildew. (13).jpeg,3855,3016
Downey Mildew,2230,482,500,299,Downy Mildew. (13).jpeg,3855,3016
Downey Mildew,218,427,3782,2295,Downy Mildew. (13).jpg,4000,3000
Downey Mildew,3136,56,665,434,Downy Mildew. (13).jpg,4000,3000
Downey Mildew,84,283,261,241,Downy Mildew. (130).jpg,768,576
Downey Mildew,334,158,242,188,Downy Mildew. (130).jpg,768,576
Downey Mildew,49,76,719,449,Downy Mildew. (131).jpg,768,576
Downey Mildew,125,533,356,43,Downy Mildew. (131).jpg,768,576
Downey Mildew,110,26,385,47,Downy Mildew. (131).jpg,768,576
Downey Mildew,204,38,564,508,Downy Mildew. (132).jpg,768,576
Downey Mildew,39,242,190,334,Downy Mildew. (132).jpg,768,576
Downey Mildew,152,205,66,38,Downy Mildew. (132).jpg,768,576
Downey Mildew,281,537,58,39,Downy Mildew. (132).jpg,768,576
Downey Mildew,83,175,381,304,Downy Mildew. (133).jpg,768,576
Downey Mildew,301,31,324,180,Downy Mildew. (133).jpg,768,576
Downey Mildew,588,371,110,165,Downy Mildew. (133).jpg,768,576
Downey Mildew,147,494,327,82,Downy Mildew. (133).jpg,768,576
Downey Mildew,45,262,304,190,Downy Mildew. (134).jpg,768,576
Downey Mildew,163,149,451,138,Downy Mildew. (134).jpg,768,576
Downey Mildew,383,110,78,79,Downy Mildew. (134).jpg,768,576
Downey Mildew,652,213,116,317,Downy Mildew. (134).jpg,768,576
Downey Mildew,355,293,268,254,Downy Mildew. (134).jpg,768,576
Downey Mildew,142,463,190,68,Downy Mildew. (134).jpg,768,576
Downey Mildew,150,140,129,95,Downy Mildew. (135).jpg,768,576
Downey Mildew,420,41,104,155,Downy Mildew. (135).jpg,768,576
Downey Mildew,381,262,229,234,Downy Mildew. (135).jpg,768,576
Downey Mildew,261,419,143,122,Downy Mildew. (135).jpg,768,576
Downey Mildew,169,114,594,429,Downy Mildew. (136).jpg,768,576
Downey Mildew,76,271,98,177,Downy Mildew. (136).jpg,768,576
Downey Mildew,21,59,201,274,Downy Mildew. (137).jpg,450,415
Downey Mildew,220,23,218,303,Downy Mildew. (137).jpg,450,415
Downey Mildew,76,238,529,249,Downy Mildew. (138).jpg,781,519
Downey Mildew,655,407,126,95,Downy Mildew. (138).jpg,781,519
Downey Mildew,462,81,222,166,Downy Mildew. (138).jpg,781,519
Downey Mildew,286,93,1015,831,Downy Mildew. (139).jpg,1532,956
Downey Mildew,26,451,287,501,Downy Mildew. (139).jpg,1532,956
Downey Mildew,195,221,117,225,Downy Mildew. (139).jpg,1532,956
Downey Mildew,299,564,1826,1447,Downy Mildew. (14).jpeg,3024,4032
Downey Mildew,2116,75,833,1687,Downy Mildew. (14).jpeg,3024,4032
Downey Mildew,65,1961,2340,1991,Downy Mildew. (14).jpeg,3024,4032
Downey Mildew,1837,30,807,1386,Downy Mildew. (14).jpg,3000,4000
Downey Mildew,832,599,1297,1069,Downy Mildew. (14).jpg,3000,4000
Downey Mildew,421,1302,653,847,Downy Mildew. (14).jpg,3000,4000
Downey Mildew,119,1936,1252,1312,Downy Mildew. (14).jpg,3000,4000
Downey Mildew,1718,1649,589,1550,Downy Mildew. (14).jpg,3000,4000
Downey Mildew,1431,2153,213,525,Downy Mildew. (14).jpg,3000,4000
Downey Mildew,30,3302,1748,698,Downy Mildew. (14).jpg,3000,4000
Downey Mildew,106,32,346,257,Downy Mildew. (140).jpg,768,576
Downey Mildew,477,12,291,250,Downy Mildew. (140).jpg,768,576
Downey Mildew,301,320,425,221,Downy Mildew. (140).jpg,768,576
Downey Mildew,508,277,36,44,Downy Mildew. (140).jpg,768,576
Downey Mildew,292,94,995,822,Downy Mildew. (141).jpg,1532,956
Downey Mildew,0,459,308,474,Downy Mildew. (141).jpg,1532,956
Downey Mildew,196,201,158,293,Downy Mildew. (141).jpg,1532,956
Downey Mildew,0,293,208,346,Downy Mildew. (142).jpg,1103,768
Downey Mildew,225,39,857,721,Downy Mildew. (142).jpg,1103,768
Downey Mildew,5,0,1133,641,Downy Mildew. (143).jpg,1140,641
Downey Mildew,2,0,766,118,Downy Mildew. (144).jpg,768,512
Downey Mildew,207,124,561,298,Downy Mildew. (144).jpg,768,512
Downey Mildew,29,124,174,268,Downy Mildew. (144).jpg,768,512
Downey Mildew,398,415,370,76,Downy Mildew. (144).jpg,768,512
Downey Mildew,79,3,283,217,Downy Mildew. (145).jpg,777,513
Downey Mildew,383,17,205,218,Downy Mildew. (145).jpg,777,513
Downey Mildew,29,311,172,202,Downy Mildew. (145).jpg,777,513
Downey Mildew,327,332,78,63,Downy Mildew. (145).jpg,777,513
Downey Mildew,298,469,44,44,Downy Mildew. (145).jpg,777,513
Downey Mildew,674,404,36,60,Downy Mildew. (145).jpg,777,513
Downey Mildew,608,291,126,111,Downy Mildew. (145).jpg,777,513
Downey Mildew,285,49,955,870,Downy Mildew. (146).jpg,1532,956
Downey Mildew,0,272,291,673,Downy Mildew. (146).jpg,1532,956
Downey Mildew,758,15,2001,4017,Downy Mildew. (15).jpeg,3024,4032
Downey Mildew,514,220,245,3802,Downy Mildew. (15).jpeg,3024,4032
Downey Mildew,185,1821,344,2176,Downy Mildew. (15).jpeg,3024,4032
Downey Mildew,0,2740,200,599,Downy Mildew. (15).jpeg,3024,4032
Downey Mildew,1188,20,1812,3337,Downy Mildew. (15).jpg,3000,4000
Downey Mildew,901,767,401,3020,Downy Mildew. (15).jpg,3000,4000
Downey Mildew,554,2213,594,1787,Downy Mildew. (15).jpg,3000,4000
Downey Mildew,683,1847,332,426,Downy Mildew. (15).jpg,3000,4000
Downey Mildew,313,273,3638,2216,Downy Mildew. (16).jpeg,4032,3024
Downey Mildew,0,659,201,906,Downy Mildew. (16).jpeg,4032,3024
Downey Mildew,381,15,2550,3985,Downy Mildew. (16).jpg,3000,4000
Downey Mildew,0,247,4032,2508,Downy Mildew. (17).jpeg,4032,3024
Downey Mildew,1450,20,1550,3980,Downy Mildew. (17).jpg,3000,4000
Downey Mildew,15,728,1446,3272,Downy Mildew. (17).jpg,3000,4000
Downey Mildew,36,681,3593,2126,Downy Mildew. (18).jpeg,4032,3024
Downey Mildew,1357,382,1400,408,Downy Mildew. (18).jpeg,4032,3024
Downey Mildew,2,401,3921,1749,Downy Mildew. (18).jpg,4000,3000
Downey Mildew,2,2205,2027,754,Downy Mildew. (18).jpg,4000,3000
Downey Mildew,9,340,3397,2140,Downy Mildew. (19).jpeg,3416,3023
Downey Mildew,2,342,3988,1329,Downy Mildew. (19).jpg,4000,3000
Downey Mildew,359,182,1351,256,Downy Mildew. (19).jpg,4000,3000
Downey Mildew,47,1804,2762,1196,Downy Mildew. (19).jpg,4000,3000
Downey Mildew,819,1530,2439,783,Downy Mildew. (19).jpg,4000,3000
Downey Mildew,1990,348,1841,2676,Downy Mildew. (2).jpeg,4032,3024
Downey Mildew,508,273,1688,1388,Downy Mildew. (2).jpeg,4032,3024
Downey Mildew,1372,1654,610,1351,Downy Mildew. (2).jpeg,4032,3024
Downey Mildew,7,18,2639,2324,Downy Mildew. (2).jpg,2646,3556
Downey Mildew,720,2381,1131,1175,Downy Mildew. (2).jpg,2646,3556
Downey Mildew,882,9,1686,3652,Downy Mildew. (20).jpeg,2951,3661
Downey Mildew,284,1495,639,2166,Downy Mildew. (20).jpeg,2951,3661
Downey Mildew,687,553,372,1047,Downy Mildew. (20).jpeg,2951,3661
Downey Mildew,58,17,2434,3467,Downy Mildew. (20).jpg,2728,3506
Downey Mildew,74,269,1981,3368,Downy Mildew. (21).jpeg,2055,4032
Downey Mildew,45,20,2866,3980,Downy Mildew. (21).jpg,3000,4000
Downey Mildew,41,212,2180,3653,Downy Mildew. (22).jpeg,2221,3983
Downey Mildew,0,604,2970,3371,Downy Mildew. (22).jpg,3000,4000
Downey Mildew,906,0,2094,663,Downy Mildew. (22).jpg,3000,4000
Downey Mildew,70,65,2415,3852,Downy Mildew. (23).jpeg,2485,4032
Downey Mildew,163,30,2837,3970,Downy Mildew. (23).jpg,3000,4000
Downey Mildew,46,164,2336,3621,Downy Mildew. (24).jpeg,2382,4024
Downey Mildew,20,124,2980,3475,Downy Mildew. (24).jpg,3000,4000
Downey Mildew,18,5,2429,3943,Downy Mildew. (25).jpeg,2447,3958
Downey Mildew,327,74,2673,3678,Downy Mildew. (25).jpg,3000,4000
Downey Mildew,20,2490,257,550,Downy Mildew. (25).jpg,3000,4000
Downey Mildew,6,20,2465,3972,Downy Mildew. (26).jpeg,2577,4032
Downey Mildew,897,48,3103,2933,Downy Mildew. (26).jpg,4000,3000
Downey Mildew,62,538,943,2179,Downy Mildew. (26).jpg,4000,3000
Downey Mildew,38,5,2323,3633,Downy Mildew. (27).jpeg,2361,4032
Downey Mildew,109,45,2812,3946,Downy Mildew. (27).jpg,3000,4000
Downey Mildew,336,28,2136,3730,Downy Mildew. (28).jpeg,2501,3810
Downey Mildew,719,884,3281,698,Downy Mildew. (28).jpg,4000,3000
Downey Mildew,2297,394,1703,512,Downy Mildew. (28).jpg,4000,3000
Downey Mildew,381,1493,2313,546,Downy Mildew. (28).jpg,4000,3000
Downey Mildew,2731,1545,1269,1170,Downy Mildew. (28).jpg,4000,3000
Downey Mildew,1091,194,1051,3834,Downy Mildew. (29).jpeg,2142,4028
Downey Mildew,9,2488,1172,1456,Downy Mildew. (29).jpeg,2142,4028
Downey Mildew,533,1072,623,1461,Downy Mildew. (29).jpeg,2142,4028
Downey Mildew,277,1441,2744,557,Downy Mildew. (29).jpg,4000,3000
Downey Mildew,1302,1014,2698,717,Downy Mildew. (29).jpg,4000,3000
Downey Mildew,1877,668,2123,304,Downy Mildew. (29).jpg,4000,3000
Downey Mildew,3114,397,886,256,Downy Mildew. (29).jpg,4000,3000
Downey Mildew,3062,1819,938,843,Downy Mildew. (29).jpg,4000,3000
Downey Mildew,961,135,1781,1871,Downy Mildew. (3).jpeg,4032,3024
Downey Mildew,1597,2107,1508,917,Downy Mildew. (3).jpeg,4032,3024
Downey Mildew,3135,861,771,1868,Downy Mildew. (3).jpeg,4032,3024
Downey Mildew,10,0,2896,1322,Downy Mildew. (3).jpg,3000,4000
Downey Mildew,20,1366,683,366,Downy Mildew. (3).jpg,3000,4000
Downey Mildew,797,1386,1114,2089,Downy Mildew. (3).jpg,3000,4000
Downey Mildew,1713,1203,673,678,Downy Mildew. (3).jpg,3000,4000
Downey Mildew,950,1178,475,505,Downy Mildew. (3).jpg,3000,4000
Downey Mildew,1068,9,1146,1764,Downy Mildew. (30).jpeg,2353,3811
Downey Mildew,611,1127,1514,2179,Downy Mildew. (30).jpeg,2353,3811
Downey Mildew,82,2646,741,976,Downy Mildew. (30).jpeg,2353,3811
Downey Mildew,875,3151,1478,594,Downy Mildew. (30).jpeg,2353,3811
Downey Mildew,10,30,2990,3970,Downy Mildew. (30).jpg,3000,4000
Downey Mildew,1262,15,1277,3573,Downy Mildew. (31).jpeg,3024,4032
Downey Mildew,649,783,833,2735,Downy Mildew. (31).jpeg,3024,4032
Downey Mildew,294,2650,434,749,Downy Mildew. (31).jpeg,3024,4032
Downey Mildew,1098,3628,803,404,Downy Mildew. (31).jpeg,3024,4032
Downey Mildew,228,0,2772,3965,Downy Mildew. (31).jpg,3000,4000
Downey Mildew,94,40,574,599,Downy Mildew. (32).jpg,3000,4000
Downey Mildew,1104,149,1554,1416,Downy Mildew. (32).jpg,3000,4000
Downey Mildew,767,1307,1277,1035,Downy Mildew. (32).jpg,3000,4000
Downey Mildew,545,2421,2059,1158,Downy Mildew. (32).jpg,3000,4000
Downey Mildew,153,3134,297,569,Downy Mildew. (32).jpg,3000,4000
Downey Mildew,762,99,2099,2134,Downy Mildew. (33).jpg,3000,4000
Downey Mildew,282,2119,2540,1569,Downy Mildew. (33).jpg,3000,4000
Downey Mildew,134,356,2866,3599,Downy Mildew. (34).jpg,3000,4000
Downey Mildew,1376,0,1624,411,Downy Mildew. (34).jpg,3000,4000
Downey Mildew,36,1103,3806,1897,Downy Mildew. (35).jpg,4000,3000
Downey Mildew,69,26,1756,1155,Downy Mildew. (35).jpg,4000,3000
Downey Mildew,3623,145,377,954,Downy Mildew. (35).jpg,4000,3000
Downey Mildew,1119,104,1881,3817,Downy Mildew. (36).jpg,3000,4000
Downey Mildew,0,2139,1391,1792,Downy Mildew. (36).jpg,3000,4000
Downey Mildew,30,2005,2950,1906,Downy Mildew. (37).jpg,3000,4000
Downey Mildew,1025,10,1975,1297,Downy Mildew. (37).jpg,3000,4000
Downey Mildew,2475,1356,525,589,Downy Mildew. (37).jpg,3000,4000
Downey Mildew,124,1480,856,550,Downy Mildew. (37).jpg,3000,4000
Downey Mildew,1283,7,2717,1545,Downy Mildew. (38).jpg,4000,3000
Downey Mildew,537,806,2042,1842,Downy Mildew. (38).jpg,4000,3000
Downey Mildew,700,2569,1660,431,Downy Mildew. (38).jpg,4000,3000
Downey Mildew,2657,1708,1084,442,Downy Mildew. (38).jpg,4000,3000
Downey Mildew,294,195,2706,2082,Downy Mildew. (39).jpg,3000,3144
Downey Mildew,648,4,1339,249,Downy Mildew. (39).jpg,3000,3144
Downey Mildew,663,2004,1743,1140,Downy Mildew. (39).jpg,3000,3144
Downey Mildew,2,763,432,1237,Downy Mildew. (39).jpg,3000,3144
Downey Mildew,1223,1183,2809,1265,Downy Mildew. (4).jpeg,4032,3024
Downey Mildew,1035,1636,528,988,Downy Mildew. (4).jpeg,4032,3024
Downey Mildew,2177,210,958,472,Downy Mildew. (4).jpeg,4032,3024
Downey Mildew,1597,659,1834,520,Downy Mildew. (4).jpeg,4032,3024
Downey Mildew,3345,520,371,543,Downy Mildew. (4).jpeg,4032,3024
Downey Mildew,10,360,3405,1819,Downy Mildew. (4).jpg,4000,3000
Downey Mildew,1312,20,1624,3045,Downy Mildew. (40).jpg,3000,4000
Downey Mildew,906,2277,1168,1045,Downy Mildew. (40).jpg,3000,4000
Downey Mildew,604,614,946,921,Downy Mildew. (40).jpg,3000,4000
Downey Mildew,1569,3124,1431,876,Downy Mildew. (40).jpg,3000,4000
Downey Mildew,688,5,2163,3995,Downy Mildew. (41).jpg,3000,4000
Downey Mildew,663,0,1881,4000,Downy Mildew. (42).jpg,3000,4000
Downey Mildew,594,10,2035,3990,Downy Mildew. (43).jpg,3000,4000
Downey Mildew,1172,7,2828,2978,Downy Mildew. (45).jpg,4000,3000
Downey Mildew,700,256,627,2488,Downy Mildew. (45).jpg,4000,3000
Downey Mildew,537,297,390,524,Downy Mildew. (45).jpg,4000,3000
Downey Mildew,77,160,3899,1155,Downy Mildew. (46).jpg,4000,3000
Downey Mildew,244,1177,3564,735,Downy Mildew. (46).jpg,4000,3000
Downey Mildew,771,1879,3019,902,Downy Mildew. (46).jpg,4000,3000
Downey Mildew,1328,0,2265,152,Downy Mildew. (46).jpg,4000,3000
Downey Mildew,10,984,3990,2001,Downy Mildew. (47).jpg,4000,3000
Downey Mildew,0,0,1916,4000,Downy Mildew. (48).jpg,3000,4000
Downey Mildew,2050,327,950,1188,Downy Mildew. (48).jpg,3000,4000
Downey Mildew,6,457,2339,1842,Downy Mildew. (49).jpg,4000,3000
Downey Mildew,1929,2335,1667,464,Downy Mildew. (49).jpg,4000,3000
Downey Mildew,1588,2209,301,278,Downy Mildew. (49).jpg,4000,3000
Downey Mildew,2538,111,1462,1255,Downy Mildew. (49).jpg,4000,3000
Downey Mildew,17,15,1920,483,Downy Mildew. (49).jpg,4000,3000
Downey Mildew,669,534,1282,1069,Downy Mildew. (5).jpeg,3482,3019
Downey Mildew,1210,232,2160,1214,Downy Mildew. (5).jpeg,3482,3019
Downey Mildew,1487,1640,1719,1203,Downy Mildew. (5).jpeg,3482,3019
Downey Mildew,2320,1394,250,295,Downy Mildew. (5).jpeg,3482,3019
Downey Mildew,3251,1532,231,497,Downy Mildew. (5).jpeg,3482,3019
Downey Mildew,12,4,1883,3296,Downy Mildew. (5).jpg,1895,3300
Downey Mildew,17,15,2332,2554,Downy Mildew. (50).jpg,4000,3000
Downey Mildew,2115,401,1885,2532,Downy Mildew. (50).jpg,4000,3000
Downey Mildew,15,10,2985,3639,Downy Mildew. (51).jpg,3000,4000
Downey Mildew,875,7,3125,1225,Downy Mildew. (52).jpg,4000,3000
Downey Mildew,1146,1196,2854,1429,Downy Mildew. (52).jpg,4000,3000
Downey Mildew,1302,2599,1689,401,Downy Mildew. (52).jpg,4000,3000
Downey Mildew,262,5,1752,2847,Downy Mildew. (53).jpg,3000,4000
Downey Mildew,20,1356,495,1614,Downy Mildew. (53).jpg,3000,4000
Downey Mildew,21,264,2495,2124,Downy Mildew. (54).jpg,4000,3000
Downey Mildew,1332,2243,1522,661,Downy Mildew. (54).jpg,4000,3000
Downey Mildew,2453,397,672,616,Downy Mildew. (54).jpg,4000,3000
Downey Mildew,1351,89,480,1277,Downy Mildew. (55).jpg,3000,4000
Downey Mildew,1000,1054,1559,916,Downy Mildew. (55).jpg,3000,4000
Downey Mildew,208,2079,965,1228,Downy Mildew. (55).jpg,3000,4000
Downey Mildew,1738,2703,1069,564,Downy Mildew. (55).jpg,3000,4000
Downey Mildew,1639,2089,708,525,Downy Mildew. (55).jpg,3000,4000
Downey Mildew,1223,1337,1777,1866,Downy Mildew. (56).jpg,3000,4000
Downey Mildew,946,0,1272,1376,Downy Mildew. (56).jpg,3000,4000
Downey Mildew,0,1045,2594,2624,Downy Mildew. (56).jpg,3000,4000
Downey Mildew,396,1634,2604,2129,Downy Mildew. (57).jpg,3000,4000
Downey Mildew,896,25,1965,1644,Downy Mildew. (57).jpg,3000,4000
Downey Mildew,20,718,1094,871,Downy Mildew. (57).jpg,3000,4000
Downey Mildew,66,891,3934,1285,Downy Mildew. (58).jpg,4000,3000
Downey Mildew,14,0,3986,928,Downy Mildew. (58).jpg,4000,3000
Downey Mildew,14,7,3954,873,Downy Mildew. (59).jpg,4000,3000
Downey Mildew,14,939,3986,783,Downy Mildew. (59).jpg,4000,3000
Downey Mildew,25,1645,1262,490,Downy Mildew. (59).jpg,4000,3000
Downey Mildew,1246,462,1372,2583,Downy Mildew. (6).jpeg,3023,3694
Downey Mildew,382,2258,1006,1088,Downy Mildew. (6).jpeg,3023,3694
Downey Mildew,396,1390,992,960,Downy Mildew. (6).jpeg,3023,3694
Downey Mildew,431,0,2292,3832,Downy Mildew. (6).jpg,3000,4000
Downey Mildew,10,691,3990,1066,Downy Mildew. (60).jpg,4000,3000
Downey Mildew,0,1541,1079,516,Downy Mildew. (60).jpg,4000,3000
Downey Mildew,6,7,3994,668,Downy Mildew. (60).jpg,4000,3000
Downey Mildew,30,35,901,2040,Downy Mildew. (61).jpg,3000,4000
Downey Mildew,550,2262,2450,1520,Downy Mildew. (61).jpg,3000,4000
Downey Mildew,0,2584,559,1376,Downy Mildew. (61).jpg,3000,4000
Downey Mildew,1015,678,1985,1683,Downy Mildew. (61).jpg,3000,4000
Downey Mildew,1020,50,569,604,Downy Mildew. (61).jpg,3000,4000
Downey Mildew,1061,85,2926,2915,Downy Mildew. (62).jpg,4000,3000
Downey Mildew,14,45,1002,1652,Downy Mildew. (62).jpg,4000,3000
Downey Mildew,207,1726,824,1222,Downy Mildew. (62).jpg,4000,3000
Downey Mildew,2,163,1942,323,Downy Mildew. (63).jpg,4000,3000
Downey Mildew,671,78,1381,219,Downy Mildew. (63).jpg,4000,3000
Downey Mildew,2605,449,449,1738,Downy Mildew. (63).jpg,4000,3000
Downey Mildew,1514,1678,1199,1192,Downy Mildew. (63).jpg,4000,3000
Downey Mildew,2,178,1901,397,Downy Mildew. (64).jpg,4000,3000
Downey Mildew,552,104,1463,119,Downy Mildew. (64).jpg,4000,3000
Downey Mildew,2613,550,457,1325,Downy Mildew. (64).jpg,4000,3000
Downey Mildew,1621,1630,1236,1218,Downy Mildew. (64).jpg,4000,3000
Downey Mildew,0,130,1881,642,Downy Mildew. (65).jpg,4000,3000
Downey Mildew,2624,490,483,1507,Downy Mildew. (65).jpg,4000,3000
Downey Mildew,1636,1723,1292,1248,Downy Mildew. (65).jpg,4000,3000
Downey Mildew,30,441,688,2955,Downy Mildew. (66).jpg,3000,4000
Downey Mildew,1025,15,1817,3485,Downy Mildew. (66).jpg,3000,4000
Downey Mildew,0,446,767,2837,Downy Mildew. (67).jpg,3000,4000
Downey Mildew,1119,248,1847,3064,Downy Mildew. (67).jpg,3000,4000
Downey Mildew,94,327,881,2946,Downy Mildew. (68).jpg,3000,4000
Downey Mildew,1248,144,1688,3203,Downy Mildew. (68).jpg,3000,4000
Downey Mildew,0,446,827,2886,Downy Mildew. (69).jpg,3000,4000
Downey Mildew,1376,262,842,1347,Downy Mildew. (69).jpg,3000,4000
Downey Mildew,1084,1386,1614,1960,Downy Mildew. (69).jpg,3000,4000
Downey Mildew,858,583,1596,1715,Downy Mildew. (7).jpeg,3023,3340
Downey Mildew,40,2125,2782,1215,Downy Mildew. (7).jpeg,3023,3340
Downey Mildew,6,293,3954,2161,Downy Mildew. (7).jpg,4000,3000
Downey Mildew,95,783,3905,1589,Downy Mildew. (70).jpg,4000,3000
Downey Mildew,1090,512,2220,1912,Downy Mildew. (71).jpg,4000,3000
Downey Mildew,77,995,3598,1444,Downy Mildew. (72).jpg,4000,3000
Downey Mildew,36,925,3828,1548,Downy Mildew. (73).jpg,4000,3000
Downey Mildew,54,869,3798,1574,Downy Mildew. (74).jpg,4000,3000
Downey Mildew,25,15,3208,1515,Downy Mildew. (75).jpg,4000,3000
Downey Mildew,869,14,1246,1803,Downy Mildew. (76).jpg,2195,2926
Downey Mildew,1691,1854,337,565,Downy Mildew. (76).jpg,2195,2926
Downey Mildew,0,30,882,672,Downy Mildew. (77).jpg,4000,3000
Downey Mildew,1139,319,1300,728,Downy Mildew. (77).jpg,4000,3000
Downey Mildew,203,783,854,650,Downy Mildew. (77).jpg,4000,3000
Downey Mildew,2535,575,605,676,Downy Mildew. (77).jpg,4000,3000
Downey Mildew,687,85,3022,1971,Downy Mildew. (78).jpg,3730,2090
Downey Mildew,1297,30,1455,708,Downy Mildew. (79).jpg,3000,4000
Downey Mildew,871,2277,1975,688,Downy Mildew. (79).jpg,3000,4000
Downey Mildew,757,1020,1688,767,Downy Mildew. (79).jpg,3000,4000
Downey Mildew,2050,1995,886,356,Downy Mildew. (79).jpg,3000,4000
Downey Mildew,946,1881,604,272,Downy Mildew. (79).jpg,3000,4000
Downey Mildew,327,0,307,1381,Downy Mildew. (79).jpg,3000,4000
Downey Mildew,20,1406,436,460,Downy Mildew. (79).jpg,3000,4000
Downey Mildew,389,170,2266,3373,Downy Mildew. (8).jpeg,3024,4032
Downey Mildew,1238,10,918,230,Downy Mildew. (8).jpeg,3024,4032
Downey Mildew,20,1098,419,863,Downy Mildew. (8).jpeg,3024,4032
Downey Mildew,124,1153,1307,2847,Downy Mildew. (8).jpg,3000,4000
Downey Mildew,946,262,1634,1173,Downy Mildew. (8).jpg,3000,4000
Downey Mildew,1426,1564,1183,1842,Downy Mildew. (8).jpg,3000,4000
Downey Mildew,361,970,2238,619,Downy Mildew. (80).jpg,3000,4000
Downey Mildew,1020,0,1644,827,Downy Mildew. (80).jpg,3000,4000
Downey Mildew,851,2312,1980,693,Downy Mildew. (80).jpg,3000,4000
Downey Mildew,1450,1980,1535,559,Downy Mildew. (80).jpg,3000,4000
Downey Mildew,2820,208,506,1208,Downy Mildew. (81).jpg,3326,2950
Downey Mildew,1250,2019,1884,865,Downy Mildew. (81).jpg,3326,2950
Downey Mildew,2777,1690,427,628,Downy Mildew. (81).jpg,3326,2950
Downey Mildew,1050,1358,1679,792,Downy Mildew. (81).jpg,3326,2950
Downey Mildew,1798,591,1150,825,Downy Mildew. (81).jpg,3326,2950
Downey Mildew,141,73,997,1650,Downy Mildew. (82).jpg,2933,3122
Downey Mildew,759,1920,869,811,Downy Mildew. (82).jpg,2933,3122
Downey Mildew,1501,0,1279,599,Downy Mildew. (82).jpg,2933,3122
Downey Mildew,262,584,2589,2119,Downy Mildew. (83).jpg,3000,4000
Downey Mildew,541,26,431,1036,Downy Mildew. (84).jpg,4000,3000
Downey Mildew,741,1173,453,1597,Downy Mildew. (84).jpg,4000,3000
Downey Mildew,1298,1886,278,356,Downy Mildew. (84).jpg,4000,3000
Downey Mildew,1391,375,1099,2168,Downy Mildew. (84).jpg,4000,3000
Downey Mildew,1079,41,835,382,Downy Mildew. (84).jpg,4000,3000
Downey Mildew,586,2,2031,1572,Downy Mildew. (85).jpg,2617,2000
Downey Mildew,19,1512,1282,488,Downy Mildew. (85).jpg,2617,2000
Downey Mildew,11,295,317,347,Downy Mildew. (85).jpg,2617,2000
Downey Mildew,306,11,2030,1263,Downy Mildew. (86).jpg,2435,1745
Downey Mildew,8,1279,587,244,Downy Mildew. (86).jpg,2435,1745
Downey Mildew,1364,1298,350,432,Downy Mildew. (86).jpg,2435,1745
Downey Mildew,1770,1371,246,335,Downy Mildew. (86).jpg,2435,1745
Downey Mildew,230,1412,538,209,Downy Mildew. (87).jpg,2188,1658
Downey Mildew,780,1363,573,133,Downy Mildew. (87).jpg,2188,1658
Downey Mildew,1065,1266,611,164,Downy Mildew. (87).jpg,2188,1658
Downey Mildew,1494,1170,142,101,Downy Mildew. (87).jpg,2188,1658
Downey Mildew,1669,1096,179,222,Downy Mildew. (87).jpg,2188,1658
Downey Mildew,1849,1003,199,154,Downy Mildew. (87).jpg,2188,1658
Downey Mildew,1913,966,246,64,Downy Mildew. (87).jpg,2188,1658
Downey Mildew,2071,940,117,47,Downy Mildew. (87).jpg,2188,1658
Downey Mildew,622,1354,176,62,Downy Mildew. (87).jpg,2188,1658
Downey Mildew,347,462,1289,548,Downy Mildew. (87).jpg,2188,1658
Downey Mildew,546,135,843,347,Downy Mildew. (87).jpg,2188,1658
Downey Mildew,1242,43,285,187,Downy Mildew. (87).jpg,2188,1658
Downey Mildew,1660,123,246,677,Downy Mildew. (87).jpg,2188,1658
Downey Mildew,513,1053,991,148,Downy Mildew. (87).jpg,2188,1658
Downey Mildew,599,1229,788,105,Downy Mildew. (87).jpg,2188,1658
Downey Mildew,417,1005,938,29,Downy Mildew. (87).jpg,2188,1658
Downey Mildew,333,2217,1095,215,Downy Mildew. (88).jpg,4000,3000
Downey Mildew,1012,2120,356,308,Downy Mildew. (88).jpg,4000,3000
Downey Mildew,2197,1541,1578,579,Downy Mildew. (88).jpg,4000,3000
Downey Mildew,3455,1318,167,249,Downy Mildew. (88).jpg,4000,3000
Downey Mildew,2665,1314,405,264,Downy Mildew. (88).jpg,4000,3000
Downey Mildew,1985,2321,531,278,Downy Mildew. (88).jpg,4000,3000
Downey Mildew,3377,438,119,167,Downy Mildew. (88).jpg,4000,3000
Downey Mildew,1057,1493,969,1188,Downy Mildew. (89).jpg,4000,3000
Downey Mildew,1057,880,308,505,Downy Mildew. (89).jpg,4000,3000
Downey Mildew,1510,7,464,416,Downy Mildew. (89).jpg,4000,3000
Downey Mildew,762,153,887,853,Downy Mildew. (9).jpeg,4032,3024
Downey Mildew,1245,97,1265,906,Downy Mildew. (9).jpeg,4032,3024
Downey Mildew,1279,1044,1568,1164,Downy Mildew. (9).jpeg,4032,3024
Downey Mildew,1833,2298,1549,692,Downy Mildew. (9).jpeg,4032,3024
Downey Mildew,3285,760,528,584,Downy Mildew. (9).jpeg,4032,3024
Downey Mildew,1563,45,1022,292,Downy Mildew. (9).jpeg,4032,3024
Downey Mildew,2896,1314,876,909,Downy Mildew. (9).jpeg,4032,3024
Downey Mildew,2544,457,318,531,Downy Mildew. (9).jpeg,4032,3024
Downey Mildew,2937,273,138,183,Downy Mildew. (9).jpeg,4032,3024
Downey Mildew,673,10,698,1921,Downy Mildew. (9).jpg,3000,4000
Downey Mildew,525,1901,1139,1891,Downy Mildew. (9).jpg,3000,4000
Downey Mildew,1604,1847,1351,2035,Downy Mildew. (9).jpg,3000,4000
Downey Mildew,188,178,2391,1223,Downy Mildew. (90).jpg,3000,4000
Downey Mildew,99,390,275,691,Downy Mildew. (91).jpg,4000,3000
Downey Mildew,80,1155,1021,1697,Downy Mildew. (91).jpg,4000,3000
Downey Mildew,1144,782,1767,2505,Downy Mildew. (92).jpg,3000,4000
Downey Mildew,20,2149,728,1119,Downy Mildew. (92).jpg,3000,4000
Downey Mildew,1134,936,1866,2376,Downy Mildew. (93).jpg,3000,4000
Downey Mildew,5,2153,653,1163,Downy Mildew. (93).jpg,3000,4000
Downey Mildew,69,649,827,693,Downy Mildew. (93).jpg,3000,4000
Downey Mildew,1042,1771,2391,1207,Downy Mildew. (94).jpg,4000,3000
Downey Mildew,2,15,601,902,Downy Mildew. (94).jpg,4000,3000
Downey Mildew,3500,204,500,512,Downy Mildew. (94).jpg,4000,3000
Downey Mildew,511,1351,2321,594,Downy Mildew. (94).jpg,4000,3000
Downey Mildew,168,1213,1965,2767,Downy Mildew. (95).jpg,3000,4000
Downey Mildew,2183,1139,743,1683,Downy Mildew. (95).jpg,3000,4000
Downey Mildew,525,10,2109,1129,Downy Mildew. (95).jpg,3000,4000
Downey Mildew,158,817,550,391,Downy Mildew. (95).jpg,3000,4000
Downey Mildew,10,1797,277,2188,Downy Mildew. (95).jpg,3000,4000
Downey Mildew,2153,2896,490,1089,Downy Mildew. (95).jpg,3000,4000
Downey Mildew,2,978,1671,904,Downy Mildew. (96).jpg,3621,2716
Downey Mildew,5,7,2837,968,Downy Mildew. (96).jpg,3621,2716
Downey Mildew,1706,1015,1915,1207,Downy Mildew. (96).jpg,3621,2716
Downey Mildew,869,1808,2326,803,Downy Mildew. (96).jpg,3621,2716
Downey Mildew,875,0,1830,791,Downy Mildew. (97).jpg,4000,3000
Downey Mildew,2535,828,1147,1255,Downy Mildew. (97).jpg,4000,3000
Downey Mildew,897,824,691,1199,Downy Mildew. (97).jpg,4000,3000
Downey Mildew,1324,2105,1229,880,Downy Mildew. (97).jpg,4000,3000
Downey Mildew,2186,887,204,301,Downy Mildew. (97).jpg,4000,3000
Downey Mildew,927,15,765,1868,Downy Mildew. (98).jpg,4000,3000
Downey Mildew,1566,1923,1474,1077,Downy Mildew. (98).jpg,4000,3000
Downey Mildew,3259,899,741,776,Downy Mildew. (98).jpg,4000,3000
Downey Mildew,2568,7,917,936,Downy Mildew. (98).jpg,4000,3000
Downey Mildew,1046,15,1998,806,Downy Mildew. (99).jpg,4000,3000
Downey Mildew,17,1519,1741,1370,Downy Mildew. (99).jpg,4000,3000
Downey Mildew,2601,980,483,453,Downy Mildew. (99).jpg,4000,3000
Downey Mildew,2627,2135,772,620,Downy Mildew. (99).jpg,4000,3000
Downey Mildew,1016,1132,498,260,Downy Mildew. (99).jpg,4000,3000
Downey Mildew,177,1181,223,160,Downy Mildew. (99).jpg,4000,3000